,tahun,nama_provinsi,kode_kabupaten_kota,nama_kabupaten_kota,jenis_kelamin,kategori_pendidikan,jml_kelompok_pendidikan
1,2018,JAWA BARAT,3201,KABUPATEN BOGOR,LAKI-LAKI,TIDAK SEKOLAH,0
2,2018,JAWA BARAT,3201,KABUPATEN BOGOR,LAKI-LAKI,SD,0
3,2018,JAWA BARAT,3201,KABUPATEN BOGOR,LAKI-LAKI,SLTP,0
4,2018,JAWA BARAT,3201,KABUPATEN BOGOR,LAKI-LAKI,SLTA,0
5,2018,JAWA BARAT,3201,KABUPATEN BOGOR,LAKI-LAKI,PERGURUAN TINGGI,0
6,2018,JAWA BARAT,3201,KABUPATEN BOGOR,LAKI-LAKI,TK,0
7,2018,JAWA BARAT,3201,KABUPATEN BOGOR,LAKI-LAKI,PAUD,0
9,2018,JAWA BARAT,3201,KABUPATEN BOGOR,PEREMPUAN,TIDAK SEKOLAH,0
10,2018,JAWA BARAT,3201,KABUPATEN BOGOR,PEREMPUAN,SD,0
11,2018,JAWA BARAT,3201,KABUPATEN BOGOR,PEREMPUAN,SLTP,1
12,2018,JAWA BARAT,3201,KABUPATEN BOGOR,PEREMPUAN,SLTA,0
13,2018,JAWA BARAT,3201,KABUPATEN BOGOR,PEREMPUAN,PERGURUAN TINGGI,1
14,2018,JAWA BARAT,3201,KABUPATEN BOGOR,PEREMPUAN,TK,0
15,2018,JAWA BARAT,3201,KABUPATEN BOGOR,PEREMPUAN,PAUD,0
17,2018,JAWA BARAT,3202,KABUPATEN SUKABUMI,LAKI-LAKI,TIDAK SEKOLAH,0
18,2018,JAWA BARAT,3202,KABUPATEN SUKABUMI,LAKI-LAKI,SD,3
19,2018,JAWA BARAT,3202,KABUPATEN SUKABUMI,LAKI-LAKI,SLTP,0
20,2018,JAWA BARAT,3202,KABUPATEN SUKABUMI,LAKI-LAKI,SLTA,2
21,2018,JAWA BARAT,3202,KABUPATEN SUKABUMI,LAKI-LAKI,PERGURUAN TINGGI,0
22,2018,JAWA BARAT,3202,KABUPATEN SUKABUMI,LAKI-LAKI,TK,0
23,2018,JAWA BARAT,3202,KABUPATEN SUKABUMI,LAKI-LAKI,PAUD,0
25,2018,JAWA BARAT,3202,KABUPATEN SUKABUMI,PEREMPUAN,TIDAK SEKOLAH,0
26,2018,JAWA BARAT,3202,KABUPATEN SUKABUMI,PEREMPUAN,SD,12
27,2018,JAWA BARAT,3202,KABUPATEN SUKABUMI,PEREMPUAN,SLTP,7
28,2018,JAWA BARAT,3202,KABUPATEN SUKABUMI,PEREMPUAN,SLTA,8
29,2018,JAWA BARAT,3202,KABUPATEN SUKABUMI,PEREMPUAN,PERGURUAN TINGGI,2
30,2018,JAWA BARAT,3202,KABUPATEN SUKABUMI,PEREMPUAN,TK,0
31,2018,JAWA BARAT,3202,KABUPATEN SUKABUMI,PEREMPUAN,PAUD,0
33,2018,JAWA BARAT,3203,KABUPATEN CIANJUR,LAKI-LAKI,TIDAK SEKOLAH,0
34,2018,JAWA BARAT,3203,KABUPATEN CIANJUR,LAKI-LAKI,SD,3
35,2018,JAWA BARAT,3203,KABUPATEN CIANJUR,LAKI-LAKI,SLTP,0
36,2018,JAWA BARAT,3203,KABUPATEN CIANJUR,LAKI-LAKI,SLTA,0
37,2018,JAWA BARAT,3203,KABUPATEN CIANJUR,LAKI-LAKI,PERGURUAN TINGGI,1
38,2018,JAWA BARAT,3203,KABUPATEN CIANJUR,LAKI-LAKI,TK,0
39,2018,JAWA BARAT,3203,KABUPATEN CIANJUR,LAKI-LAKI,PAUD,0
41,2018,JAWA BARAT,3203,KABUPATEN CIANJUR,PEREMPUAN,TIDAK SEKOLAH,0
42,2018,JAWA BARAT,3203,KABUPATEN CIANJUR,PEREMPUAN,SD,0
43,2018,JAWA BARAT,3203,KABUPATEN CIANJUR,PEREMPUAN,SLTP,0
44,2018,JAWA BARAT,3203,KABUPATEN CIANJUR,PEREMPUAN,SLTA,0
45,2018,JAWA BARAT,3203,KABUPATEN CIANJUR,PEREMPUAN,PERGURUAN TINGGI,0
46,2018,JAWA BARAT,3203,KABUPATEN CIANJUR,PEREMPUAN,TK,0
47,2018,JAWA BARAT,3203,KABUPATEN CIANJUR,PEREMPUAN,PAUD,0
49,2018,JAWA BARAT,3204,KABUPATEN BANDUNG,LAKI-LAKI,TIDAK SEKOLAH,0
50,2018,JAWA BARAT,3204,KABUPATEN BANDUNG,LAKI-LAKI,SD,3
51,2018,JAWA BARAT,3204,KABUPATEN BANDUNG,LAKI-LAKI,SLTP,5
52,2018,JAWA BARAT,3204,KABUPATEN BANDUNG,LAKI-LAKI,SLTA,2
53,2018,JAWA BARAT,3204,KABUPATEN BANDUNG,LAKI-LAKI,PERGURUAN TINGGI,0
54,2018,JAWA BARAT,3204,KABUPATEN BANDUNG,LAKI-LAKI,TK,0
55,2018,JAWA BARAT,3204,KABUPATEN BANDUNG,LAKI-LAKI,PAUD,0
56,2018,JAWA BARAT,3204,KABUPATEN BANDUNG,PEREMPUAN,TIDAK SEKOLAH,5
57,2018,JAWA BARAT,3204,KABUPATEN BANDUNG,PEREMPUAN,SD,17
58,2018,JAWA BARAT,3204,KABUPATEN BANDUNG,PEREMPUAN,SLTP,12
59,2018,JAWA BARAT,3204,KABUPATEN BANDUNG,PEREMPUAN,SLTA,6
60,2018,JAWA BARAT,3204,KABUPATEN BANDUNG,PEREMPUAN,PERGURUAN TINGGI,1
61,2018,JAWA BARAT,3204,KABUPATEN BANDUNG,PEREMPUAN,TK,0
62,2018,JAWA BARAT,3204,KABUPATEN BANDUNG,PEREMPUAN,PAUD,0
65,2018,JAWA BARAT,3205,KABUPATEN GARUT,LAKI-LAKI,TIDAK SEKOLAH,1
66,2018,JAWA BARAT,3205,KABUPATEN GARUT,LAKI-LAKI,SD,0
67,2018,JAWA BARAT,3205,KABUPATEN GARUT,LAKI-LAKI,SLTP,0
68,2018,JAWA BARAT,3205,KABUPATEN GARUT,LAKI-LAKI,SLTA,0
69,2018,JAWA BARAT,3205,KABUPATEN GARUT,LAKI-LAKI,PERGURUAN TINGGI,0
70,2018,JAWA BARAT,3205,KABUPATEN GARUT,LAKI-LAKI,TK,0
71,2018,JAWA BARAT,3205,KABUPATEN GARUT,LAKI-LAKI,PAUD,0
73,2018,JAWA BARAT,3205,KABUPATEN GARUT,PEREMPUAN,TIDAK SEKOLAH,0
74,2018,JAWA BARAT,3205,KABUPATEN GARUT,PEREMPUAN,SD,2
75,2018,JAWA BARAT,3205,KABUPATEN GARUT,PEREMPUAN,SLTP,0
76,2018,JAWA BARAT,3205,KABUPATEN GARUT,PEREMPUAN,SLTA,0
77,2018,JAWA BARAT,3205,KABUPATEN GARUT,PEREMPUAN,PERGURUAN TINGGI,0
78,2018,JAWA BARAT,3205,KABUPATEN GARUT,PEREMPUAN,TK,0
79,2018,JAWA BARAT,3205,KABUPATEN GARUT,PEREMPUAN,PAUD,0
81,2018,JAWA BARAT,3206,KABUPATEN TASIKMALAYA,LAKI-LAKI,TIDAK SEKOLAH,2
82,2018,JAWA BARAT,3206,KABUPATEN TASIKMALAYA,LAKI-LAKI,SD,1
83,2018,JAWA BARAT,3206,KABUPATEN TASIKMALAYA,LAKI-LAKI,SLTP,0
84,2018,JAWA BARAT,3206,KABUPATEN TASIKMALAYA,LAKI-LAKI,SLTA,0
85,2018,JAWA BARAT,3206,KABUPATEN TASIKMALAYA,LAKI-LAKI,PERGURUAN TINGGI,0
86,2018,JAWA BARAT,3206,KABUPATEN TASIKMALAYA,LAKI-LAKI,TK,0
87,2018,JAWA BARAT,3206,KABUPATEN TASIKMALAYA,LAKI-LAKI,PAUD,0
89,2018,JAWA BARAT,3206,KABUPATEN TASIKMALAYA,PEREMPUAN,TIDAK SEKOLAH,1
90,2018,JAWA BARAT,3206,KABUPATEN TASIKMALAYA,PEREMPUAN,SD,1
91,2018,JAWA BARAT,3206,KABUPATEN TASIKMALAYA,PEREMPUAN,SLTP,2
92,2018,JAWA BARAT,3206,KABUPATEN TASIKMALAYA,PEREMPUAN,SLTA,0
93,2018,JAWA BARAT,3206,KABUPATEN TASIKMALAYA,PEREMPUAN,PERGURUAN TINGGI,1
94,2018,JAWA BARAT,3206,KABUPATEN TASIKMALAYA,PEREMPUAN,TK,1
95,2018,JAWA BARAT,3206,KABUPATEN TASIKMALAYA,PEREMPUAN,PAUD,0
97,2018,JAWA BARAT,3207,KABUPATEN CIAMIS,LAKI-LAKI,TIDAK SEKOLAH,0
98,2018,JAWA BARAT,3207,KABUPATEN CIAMIS,LAKI-LAKI,SD,0
99,2018,JAWA BARAT,3207,KABUPATEN CIAMIS,LAKI-LAKI,SLTP,0
100,2018,JAWA BARAT,3207,KABUPATEN CIAMIS,LAKI-LAKI,SLTA,0
101,2018,JAWA BARAT,3207,KABUPATEN CIAMIS,LAKI-LAKI,PERGURUAN TINGGI,0
102,2018,JAWA BARAT,3207,KABUPATEN CIAMIS,LAKI-LAKI,TK,0
103,2018,JAWA BARAT,3207,KABUPATEN CIAMIS,LAKI-LAKI,PAUD,0
105,2018,JAWA BARAT,3207,KABUPATEN CIAMIS,PEREMPUAN,TIDAK SEKOLAH,0
106,2018,JAWA BARAT,3207,KABUPATEN CIAMIS,PEREMPUAN,SD,0
107,2018,JAWA BARAT,3207,KABUPATEN CIAMIS,PEREMPUAN,SLTP,0
108,2018,JAWA BARAT,3207,KABUPATEN CIAMIS,PEREMPUAN,SLTA,4
109,2018,JAWA BARAT,3207,KABUPATEN CIAMIS,PEREMPUAN,PERGURUAN TINGGI,0
110,2018,JAWA BARAT,3207,KABUPATEN CIAMIS,PEREMPUAN,TK,0
111,2018,JAWA BARAT,3207,KABUPATEN CIAMIS,PEREMPUAN,PAUD,0
113,2018,JAWA BARAT,3208,KABUPATEN KUNINGAN,LAKI-LAKI,TIDAK SEKOLAH,0
114,2018,JAWA BARAT,3208,KABUPATEN KUNINGAN,LAKI-LAKI,SD,0
115,2018,JAWA BARAT,3208,KABUPATEN KUNINGAN,LAKI-LAKI,SLTP,5
116,2018,JAWA BARAT,3208,KABUPATEN KUNINGAN,LAKI-LAKI,SLTA,0
117,2018,JAWA BARAT,3208,KABUPATEN KUNINGAN,LAKI-LAKI,PERGURUAN TINGGI,0
118,2018,JAWA BARAT,3208,KABUPATEN KUNINGAN,LAKI-LAKI,TK,0
119,2018,JAWA BARAT,3208,KABUPATEN KUNINGAN,LAKI-LAKI,PAUD,0
121,2018,JAWA BARAT,3208,KABUPATEN KUNINGAN,PEREMPUAN,TIDAK SEKOLAH,1
122,2018,JAWA BARAT,3208,KABUPATEN KUNINGAN,PEREMPUAN,SD,6
123,2018,JAWA BARAT,3208,KABUPATEN KUNINGAN,PEREMPUAN,SLTP,3
124,2018,JAWA BARAT,3208,KABUPATEN KUNINGAN,PEREMPUAN,SLTA,1
125,2018,JAWA BARAT,3208,KABUPATEN KUNINGAN,PEREMPUAN,PERGURUAN TINGGI,0
126,2018,JAWA BARAT,3208,KABUPATEN KUNINGAN,PEREMPUAN,TK,0
127,2018,JAWA BARAT,3208,KABUPATEN KUNINGAN,PEREMPUAN,PAUD,0
128,2018,JAWA BARAT,3209,KABUPATEN CIREBON,LAKI-LAKI,SLTP,1
129,2018,JAWA BARAT,3209,KABUPATEN CIREBON,LAKI-LAKI,SLTA,0
130,2018,JAWA BARAT,3209,KABUPATEN CIREBON,LAKI-LAKI,PERGURUAN TINGGI,0
131,2018,JAWA BARAT,3209,KABUPATEN CIREBON,LAKI-LAKI,TK,0
132,2018,JAWA BARAT,3209,KABUPATEN CIREBON,LAKI-LAKI,PAUD,0
134,2018,JAWA BARAT,3209,KABUPATEN CIREBON,LAKI-LAKI,TIDAK SEKOLAH,1
135,2018,JAWA BARAT,3209,KABUPATEN CIREBON,LAKI-LAKI,SD,0
137,2018,JAWA BARAT,3209,KABUPATEN CIREBON,PEREMPUAN,TIDAK SEKOLAH,0
138,2018,JAWA BARAT,3209,KABUPATEN CIREBON,PEREMPUAN,SD,5
139,2018,JAWA BARAT,3209,KABUPATEN CIREBON,PEREMPUAN,SLTP,6
140,2018,JAWA BARAT,3209,KABUPATEN CIREBON,PEREMPUAN,SLTA,2
141,2018,JAWA BARAT,3209,KABUPATEN CIREBON,PEREMPUAN,PERGURUAN TINGGI,0
142,2018,JAWA BARAT,3209,KABUPATEN CIREBON,PEREMPUAN,TK,1
143,2018,JAWA BARAT,3209,KABUPATEN CIREBON,PEREMPUAN,PAUD,0
145,2018,JAWA BARAT,3210,KABUPATEN MAJALENGKA,LAKI-LAKI,TIDAK SEKOLAH,0
146,2018,JAWA BARAT,3210,KABUPATEN MAJALENGKA,LAKI-LAKI,SD,0
147,2018,JAWA BARAT,3210,KABUPATEN MAJALENGKA,LAKI-LAKI,SLTP,2
148,2018,JAWA BARAT,3210,KABUPATEN MAJALENGKA,LAKI-LAKI,SLTA,1
149,2018,JAWA BARAT,3210,KABUPATEN MAJALENGKA,LAKI-LAKI,PERGURUAN TINGGI,0
150,2018,JAWA BARAT,3210,KABUPATEN MAJALENGKA,LAKI-LAKI,TK,0
151,2018,JAWA BARAT,3210,KABUPATEN MAJALENGKA,LAKI-LAKI,PAUD,0
153,2018,JAWA BARAT,3210,KABUPATEN MAJALENGKA,PEREMPUAN,TIDAK SEKOLAH,0
154,2018,JAWA BARAT,3210,KABUPATEN MAJALENGKA,PEREMPUAN,SD,0
155,2018,JAWA BARAT,3210,KABUPATEN MAJALENGKA,PEREMPUAN,SLTP,7
156,2018,JAWA BARAT,3210,KABUPATEN MAJALENGKA,PEREMPUAN,SLTA,1
157,2018,JAWA BARAT,3210,KABUPATEN MAJALENGKA,PEREMPUAN,PERGURUAN TINGGI,0
158,2018,JAWA BARAT,3210,KABUPATEN MAJALENGKA,PEREMPUAN,TK,0
159,2018,JAWA BARAT,3210,KABUPATEN MAJALENGKA,PEREMPUAN,PAUD,0
161,2018,JAWA BARAT,3211,KABUPATEN SUMEDANG,LAKI-LAKI,TIDAK SEKOLAH,0
162,2018,JAWA BARAT,3211,KABUPATEN SUMEDANG,LAKI-LAKI,SD,1
163,2018,JAWA BARAT,3211,KABUPATEN SUMEDANG,LAKI-LAKI,SLTP,0
164,2018,JAWA BARAT,3211,KABUPATEN SUMEDANG,LAKI-LAKI,SLTA,0
165,2018,JAWA BARAT,3211,KABUPATEN SUMEDANG,LAKI-LAKI,PERGURUAN TINGGI,0
166,2018,JAWA BARAT,3211,KABUPATEN SUMEDANG,LAKI-LAKI,TK,0
167,2018,JAWA BARAT,3211,KABUPATEN SUMEDANG,LAKI-LAKI,PAUD,0
169,2018,JAWA BARAT,3211,KABUPATEN SUMEDANG,PEREMPUAN,TIDAK SEKOLAH,0
170,2018,JAWA BARAT,3211,KABUPATEN SUMEDANG,PEREMPUAN,SD,0
171,2018,JAWA BARAT,3211,KABUPATEN SUMEDANG,PEREMPUAN,SLTP,0
172,2018,JAWA BARAT,3211,KABUPATEN SUMEDANG,PEREMPUAN,SLTA,2
173,2018,JAWA BARAT,3211,KABUPATEN SUMEDANG,PEREMPUAN,PERGURUAN TINGGI,1
174,2018,JAWA BARAT,3211,KABUPATEN SUMEDANG,PEREMPUAN,TK,0
175,2018,JAWA BARAT,3211,KABUPATEN SUMEDANG,PEREMPUAN,PAUD,0
177,2018,JAWA BARAT,3212,KABUPATEN INDRAMAYU,LAKI-LAKI,TIDAK SEKOLAH,0
178,2018,JAWA BARAT,3212,KABUPATEN INDRAMAYU,LAKI-LAKI,SD,1
179,2018,JAWA BARAT,3212,KABUPATEN INDRAMAYU,LAKI-LAKI,SLTP,0
180,2018,JAWA BARAT,3212,KABUPATEN INDRAMAYU,LAKI-LAKI,SLTA,0
181,2018,JAWA BARAT,3212,KABUPATEN INDRAMAYU,LAKI-LAKI,PERGURUAN TINGGI,0
182,2018,JAWA BARAT,3212,KABUPATEN INDRAMAYU,LAKI-LAKI,TK,0
183,2018,JAWA BARAT,3212,KABUPATEN INDRAMAYU,LAKI-LAKI,PAUD,0
185,2018,JAWA BARAT,3212,KABUPATEN INDRAMAYU,PEREMPUAN,TIDAK SEKOLAH,0
186,2018,JAWA BARAT,3212,KABUPATEN INDRAMAYU,PEREMPUAN,SD,1
187,2018,JAWA BARAT,3212,KABUPATEN INDRAMAYU,PEREMPUAN,SLTP,0
188,2018,JAWA BARAT,3212,KABUPATEN INDRAMAYU,PEREMPUAN,SLTA,2
189,2018,JAWA BARAT,3212,KABUPATEN INDRAMAYU,PEREMPUAN,PERGURUAN TINGGI,0
190,2018,JAWA BARAT,3212,KABUPATEN INDRAMAYU,PEREMPUAN,TK,1
191,2018,JAWA BARAT,3212,KABUPATEN INDRAMAYU,PEREMPUAN,PAUD,0
193,2018,JAWA BARAT,3213,KABUPATEN SUBANG,LAKI-LAKI,TIDAK SEKOLAH,0
194,2018,JAWA BARAT,3213,KABUPATEN SUBANG,LAKI-LAKI,SD,4
195,2018,JAWA BARAT,3213,KABUPATEN SUBANG,LAKI-LAKI,SLTP,3
196,2018,JAWA BARAT,3213,KABUPATEN SUBANG,LAKI-LAKI,SLTA,2
197,2018,JAWA BARAT,3213,KABUPATEN SUBANG,LAKI-LAKI,PERGURUAN TINGGI,0
198,2018,JAWA BARAT,3213,KABUPATEN SUBANG,LAKI-LAKI,TK,0
199,2018,JAWA BARAT,3213,KABUPATEN SUBANG,LAKI-LAKI,PAUD,0
201,2018,JAWA BARAT,3213,KABUPATEN SUBANG,PEREMPUAN,TIDAK SEKOLAH,0
202,2018,JAWA BARAT,3213,KABUPATEN SUBANG,PEREMPUAN,SD,7
203,2018,JAWA BARAT,3213,KABUPATEN SUBANG,PEREMPUAN,SLTP,11
204,2018,JAWA BARAT,3213,KABUPATEN SUBANG,PEREMPUAN,SLTA,19
205,2018,JAWA BARAT,3213,KABUPATEN SUBANG,PEREMPUAN,PERGURUAN TINGGI,1
206,2018,JAWA BARAT,3213,KABUPATEN SUBANG,PEREMPUAN,TK,2
207,2018,JAWA BARAT,3213,KABUPATEN SUBANG,PEREMPUAN,PAUD,0
209,2018,JAWA BARAT,3214,KABUPATEN PURWAKARTA,LAKI-LAKI,TIDAK SEKOLAH,0
210,2018,JAWA BARAT,3214,KABUPATEN PURWAKARTA,LAKI-LAKI,SD,0
211,2018,JAWA BARAT,3214,KABUPATEN PURWAKARTA,LAKI-LAKI,SLTP,0
212,2018,JAWA BARAT,3214,KABUPATEN PURWAKARTA,LAKI-LAKI,SLTA,2
213,2018,JAWA BARAT,3214,KABUPATEN PURWAKARTA,LAKI-LAKI,PERGURUAN TINGGI,0
214,2018,JAWA BARAT,3214,KABUPATEN PURWAKARTA,LAKI-LAKI,TK,0
215,2018,JAWA BARAT,3214,KABUPATEN PURWAKARTA,LAKI-LAKI,PAUD,0
217,2018,JAWA BARAT,3214,KABUPATEN PURWAKARTA,PEREMPUAN,TIDAK SEKOLAH,0
218,2018,JAWA BARAT,3214,KABUPATEN PURWAKARTA,PEREMPUAN,SD,1
219,2018,JAWA BARAT,3214,KABUPATEN PURWAKARTA,PEREMPUAN,SLTP,0
220,2018,JAWA BARAT,3214,KABUPATEN PURWAKARTA,PEREMPUAN,SLTA,3
221,2018,JAWA BARAT,3214,KABUPATEN PURWAKARTA,PEREMPUAN,PERGURUAN TINGGI,0
222,2018,JAWA BARAT,3214,KABUPATEN PURWAKARTA,PEREMPUAN,TK,0
223,2018,JAWA BARAT,3214,KABUPATEN PURWAKARTA,PEREMPUAN,PAUD,0
225,2018,JAWA BARAT,3215,KABUPATEN KARAWANG,LAKI-LAKI,TIDAK SEKOLAH,0
226,2018,JAWA BARAT,3215,KABUPATEN KARAWANG,LAKI-LAKI,SD,2
227,2018,JAWA BARAT,3215,KABUPATEN KARAWANG,LAKI-LAKI,SLTP,0
228,2018,JAWA BARAT,3215,KABUPATEN KARAWANG,LAKI-LAKI,SLTA,1
229,2018,JAWA BARAT,3215,KABUPATEN KARAWANG,LAKI-LAKI,PERGURUAN TINGGI,1
230,2018,JAWA BARAT,3215,KABUPATEN KARAWANG,LAKI-LAKI,TK,1
231,2018,JAWA BARAT,3215,KABUPATEN KARAWANG,LAKI-LAKI,PAUD,0
233,2018,JAWA BARAT,3215,KABUPATEN KARAWANG,PEREMPUAN,TIDAK SEKOLAH,1
234,2018,JAWA BARAT,3215,KABUPATEN KARAWANG,PEREMPUAN,SD,3
235,2018,JAWA BARAT,3215,KABUPATEN KARAWANG,PEREMPUAN,SLTP,4
236,2018,JAWA BARAT,3215,KABUPATEN KARAWANG,PEREMPUAN,SLTA,9
237,2018,JAWA BARAT,3215,KABUPATEN KARAWANG,PEREMPUAN,PERGURUAN TINGGI,3
238,2018,JAWA BARAT,3215,KABUPATEN KARAWANG,PEREMPUAN,TK,1
239,2018,JAWA BARAT,3215,KABUPATEN KARAWANG,PEREMPUAN,PAUD,0
241,2018,JAWA BARAT,3216,KABUPATEN BEKASI,LAKI-LAKI,TIDAK SEKOLAH,0
242,2018,JAWA BARAT,3216,KABUPATEN BEKASI,LAKI-LAKI,SD,1
243,2018,JAWA BARAT,3216,KABUPATEN BEKASI,LAKI-LAKI,SLTP,0
244,2018,JAWA BARAT,3216,KABUPATEN BEKASI,LAKI-LAKI,SLTA,0
245,2018,JAWA BARAT,3216,KABUPATEN BEKASI,LAKI-LAKI,PERGURUAN TINGGI,1
246,2018,JAWA BARAT,3216,KABUPATEN BEKASI,LAKI-LAKI,TK,0
247,2018,JAWA BARAT,3216,KABUPATEN BEKASI,LAKI-LAKI,PAUD,0
249,2018,JAWA BARAT,3216,KABUPATEN BEKASI,PEREMPUAN,TIDAK SEKOLAH,0
250,2018,JAWA BARAT,3216,KABUPATEN BEKASI,PEREMPUAN,SD,0
251,2018,JAWA BARAT,3216,KABUPATEN BEKASI,PEREMPUAN,SLTP,1
252,2018,JAWA BARAT,3216,KABUPATEN BEKASI,PEREMPUAN,SLTA,1
253,2018,JAWA BARAT,3216,KABUPATEN BEKASI,PEREMPUAN,PERGURUAN TINGGI,0
254,2018,JAWA BARAT,3216,KABUPATEN BEKASI,PEREMPUAN,TK,0
255,2018,JAWA BARAT,3216,KABUPATEN BEKASI,PEREMPUAN,PAUD,0
257,2018,JAWA BARAT,3217,KABUPATEN BANDUNG BARAT,LAKI-LAKI,TIDAK SEKOLAH,0
258,2018,JAWA BARAT,3217,KABUPATEN BANDUNG BARAT,LAKI-LAKI,SD,3
259,2018,JAWA BARAT,3217,KABUPATEN BANDUNG BARAT,LAKI-LAKI,SLTP,0
260,2018,JAWA BARAT,3217,KABUPATEN BANDUNG BARAT,LAKI-LAKI,SLTA,0
261,2018,JAWA BARAT,3217,KABUPATEN BANDUNG BARAT,LAKI-LAKI,PERGURUAN TINGGI,0
262,2018,JAWA BARAT,3217,KABUPATEN BANDUNG BARAT,LAKI-LAKI,TK,0
263,2018,JAWA BARAT,3217,KABUPATEN BANDUNG BARAT,LAKI-LAKI,PAUD,0
265,2018,JAWA BARAT,3217,KABUPATEN BANDUNG BARAT,PEREMPUAN,TIDAK SEKOLAH,0
266,2018,JAWA BARAT,3217,KABUPATEN BANDUNG BARAT,PEREMPUAN,SD,3
267,2018,JAWA BARAT,3217,KABUPATEN BANDUNG BARAT,PEREMPUAN,SLTP,1
268,2018,JAWA BARAT,3217,KABUPATEN BANDUNG BARAT,PEREMPUAN,SLTA,5
269,2018,JAWA BARAT,3217,KABUPATEN BANDUNG BARAT,PEREMPUAN,PERGURUAN TINGGI,0
270,2018,JAWA BARAT,3217,KABUPATEN BANDUNG BARAT,PEREMPUAN,TK,1
271,2018,JAWA BARAT,3217,KABUPATEN BANDUNG BARAT,PEREMPUAN,PAUD,1
273,2018,JAWA BARAT,3218,KABUPATEN PANGANDARAN,LAKI-LAKI,TIDAK SEKOLAH,0
274,2018,JAWA BARAT,3218,KABUPATEN PANGANDARAN,LAKI-LAKI,SD,0
275,2018,JAWA BARAT,3218,KABUPATEN PANGANDARAN,LAKI-LAKI,SLTP,0
276,2018,JAWA BARAT,3218,KABUPATEN PANGANDARAN,LAKI-LAKI,SLTA,0
277,2018,JAWA BARAT,3218,KABUPATEN PANGANDARAN,LAKI-LAKI,PERGURUAN TINGGI,0
278,2018,JAWA BARAT,3218,KABUPATEN PANGANDARAN,LAKI-LAKI,TK,0
279,2018,JAWA BARAT,3218,KABUPATEN PANGANDARAN,LAKI-LAKI,PAUD,0
281,2018,JAWA BARAT,3218,KABUPATEN PANGANDARAN,PEREMPUAN,TIDAK SEKOLAH,0
282,2018,JAWA BARAT,3218,KABUPATEN PANGANDARAN,PEREMPUAN,SD,2
283,2018,JAWA BARAT,3218,KABUPATEN PANGANDARAN,PEREMPUAN,SLTP,0
284,2018,JAWA BARAT,3218,KABUPATEN PANGANDARAN,PEREMPUAN,SLTA,0
285,2018,JAWA BARAT,3218,KABUPATEN PANGANDARAN,PEREMPUAN,PERGURUAN TINGGI,0
286,2018,JAWA BARAT,3218,KABUPATEN PANGANDARAN,PEREMPUAN,TK,0
287,2018,JAWA BARAT,3218,KABUPATEN PANGANDARAN,PEREMPUAN,PAUD,0
289,2018,JAWA BARAT,3271,KOTA BOGOR,LAKI-LAKI,TIDAK SEKOLAH,0
290,2018,JAWA BARAT,3271,KOTA BOGOR,LAKI-LAKI,SD,0
291,2018,JAWA BARAT,3271,KOTA BOGOR,LAKI-LAKI,SLTP,2
292,2018,JAWA BARAT,3271,KOTA BOGOR,LAKI-LAKI,SLTA,0
293,2018,JAWA BARAT,3271,KOTA BOGOR,LAKI-LAKI,PERGURUAN TINGGI,0
294,2018,JAWA BARAT,3271,KOTA BOGOR,LAKI-LAKI,TK,0
295,2018,JAWA BARAT,3271,KOTA BOGOR,LAKI-LAKI,PAUD,0
297,2018,JAWA BARAT,3271,KOTA BOGOR,PEREMPUAN,TIDAK SEKOLAH,0
298,2018,JAWA BARAT,3271,KOTA BOGOR,PEREMPUAN,SD,4
299,2018,JAWA BARAT,3271,KOTA BOGOR,PEREMPUAN,SLTP,1
300,2018,JAWA BARAT,3271,KOTA BOGOR,PEREMPUAN,SLTA,4
301,2018,JAWA BARAT,3271,KOTA BOGOR,PEREMPUAN,PERGURUAN TINGGI,1
302,2018,JAWA BARAT,3271,KOTA BOGOR,PEREMPUAN,TK,0
303,2018,JAWA BARAT,3271,KOTA BOGOR,PEREMPUAN,PAUD,0
305,2018,JAWA BARAT,3272,KOTA SUKABUMI,LAKI-LAKI,TIDAK SEKOLAH,0
306,2018,JAWA BARAT,3272,KOTA SUKABUMI,LAKI-LAKI,SD,8
307,2018,JAWA BARAT,3272,KOTA SUKABUMI,LAKI-LAKI,SLTP,2
308,2018,JAWA BARAT,3272,KOTA SUKABUMI,LAKI-LAKI,SLTA,0
309,2018,JAWA BARAT,3272,KOTA SUKABUMI,LAKI-LAKI,PERGURUAN TINGGI,0
310,2018,JAWA BARAT,3272,KOTA SUKABUMI,LAKI-LAKI,TK,0
311,2018,JAWA BARAT,3272,KOTA SUKABUMI,LAKI-LAKI,PAUD,0
313,2018,JAWA BARAT,3272,KOTA SUKABUMI,PEREMPUAN,TIDAK SEKOLAH,0
314,2018,JAWA BARAT,3272,KOTA SUKABUMI,PEREMPUAN,SD,3
315,2018,JAWA BARAT,3272,KOTA SUKABUMI,PEREMPUAN,SLTP,7
316,2018,JAWA BARAT,3272,KOTA SUKABUMI,PEREMPUAN,SLTA,5
317,2018,JAWA BARAT,3272,KOTA SUKABUMI,PEREMPUAN,PERGURUAN TINGGI,0
318,2018,JAWA BARAT,3272,KOTA SUKABUMI,PEREMPUAN,TK,0
319,2018,JAWA BARAT,3272,KOTA SUKABUMI,PEREMPUAN,PAUD,0
321,2018,JAWA BARAT,3273,KOTA BANDUNG,LAKI-LAKI,TIDAK SEKOLAH,1
322,2018,JAWA BARAT,3273,KOTA BANDUNG,LAKI-LAKI,SD,5
323,2018,JAWA BARAT,3273,KOTA BANDUNG,LAKI-LAKI,SLTP,1
324,2018,JAWA BARAT,3273,KOTA BANDUNG,LAKI-LAKI,SLTA,1
325,2018,JAWA BARAT,3273,KOTA BANDUNG,LAKI-LAKI,PERGURUAN TINGGI,1
326,2018,JAWA BARAT,3273,KOTA BANDUNG,LAKI-LAKI,TK,1
327,2018,JAWA BARAT,3273,KOTA BANDUNG,LAKI-LAKI,PAUD,0
329,2018,JAWA BARAT,3273,KOTA BANDUNG,PEREMPUAN,TIDAK SEKOLAH,2
330,2018,JAWA BARAT,3273,KOTA BANDUNG,PEREMPUAN,SD,7
331,2018,JAWA BARAT,3273,KOTA BANDUNG,PEREMPUAN,SLTP,5
332,2018,JAWA BARAT,3273,KOTA BANDUNG,PEREMPUAN,SLTA,14
333,2018,JAWA BARAT,3273,KOTA BANDUNG,PEREMPUAN,PERGURUAN TINGGI,6
334,2018,JAWA BARAT,3273,KOTA BANDUNG,PEREMPUAN,TK,1
335,2018,JAWA BARAT,3273,KOTA BANDUNG,PEREMPUAN,PAUD,0
337,2018,JAWA BARAT,3274,KOTA CIREBON,LAKI-LAKI,TIDAK SEKOLAH,0
338,2018,JAWA BARAT,3274,KOTA CIREBON,LAKI-LAKI,SD,7
339,2018,JAWA BARAT,3274,KOTA CIREBON,LAKI-LAKI,SLTP,1
340,2018,JAWA BARAT,3274,KOTA CIREBON,LAKI-LAKI,SLTA,0
341,2018,JAWA BARAT,3274,KOTA CIREBON,LAKI-LAKI,PERGURUAN TINGGI,0
342,2018,JAWA BARAT,3274,KOTA CIREBON,LAKI-LAKI,TK,0
343,2018,JAWA BARAT,3274,KOTA CIREBON,LAKI-LAKI,PAUD,0
345,2018,JAWA BARAT,3274,KOTA CIREBON,PEREMPUAN,TIDAK SEKOLAH,0
346,2018,JAWA BARAT,3274,KOTA CIREBON,PEREMPUAN,SD,0
347,2018,JAWA BARAT,3274,KOTA CIREBON,PEREMPUAN,SLTP,0
348,2018,JAWA BARAT,3274,KOTA CIREBON,PEREMPUAN,SLTA,0
349,2018,JAWA BARAT,3274,KOTA CIREBON,PEREMPUAN,PERGURUAN TINGGI,0
350,2018,JAWA BARAT,3274,KOTA CIREBON,PEREMPUAN,TK,0
351,2018,JAWA BARAT,3274,KOTA CIREBON,PEREMPUAN,PAUD,0
353,2018,JAWA BARAT,3275,KOTA BEKASI,LAKI-LAKI,TIDAK SEKOLAH,0
354,2018,JAWA BARAT,3275,KOTA BEKASI,LAKI-LAKI,SD,1
355,2018,JAWA BARAT,3275,KOTA BEKASI,LAKI-LAKI,SLTP,0
356,2018,JAWA BARAT,3275,KOTA BEKASI,LAKI-LAKI,SLTA,0
357,2018,JAWA BARAT,3275,KOTA BEKASI,LAKI-LAKI,PERGURUAN TINGGI,0
358,2018,JAWA BARAT,3275,KOTA BEKASI,LAKI-LAKI,TK,0
359,2018,JAWA BARAT,3275,KOTA BEKASI,LAKI-LAKI,PAUD,0
361,2018,JAWA BARAT,3275,KOTA BEKASI,PEREMPUAN,TIDAK SEKOLAH,0
362,2018,JAWA BARAT,3275,KOTA BEKASI,PEREMPUAN,SD,0
363,2018,JAWA BARAT,3275,KOTA BEKASI,PEREMPUAN,SLTP,0
364,2018,JAWA BARAT,3275,KOTA BEKASI,PEREMPUAN,SLTA,2
365,2018,JAWA BARAT,3275,KOTA BEKASI,PEREMPUAN,PERGURUAN TINGGI,0
366,2018,JAWA BARAT,3275,KOTA BEKASI,PEREMPUAN,TK,0
367,2018,JAWA BARAT,3275,KOTA BEKASI,PEREMPUAN,PAUD,0
369,2018,JAWA BARAT,3276,KOTA DEPOK,LAKI-LAKI,TIDAK SEKOLAH,0
370,2018,JAWA BARAT,3276,KOTA DEPOK,LAKI-LAKI,SD,1
371,2018,JAWA BARAT,3276,KOTA DEPOK,LAKI-LAKI,SLTP,0
372,2018,JAWA BARAT,3276,KOTA DEPOK,LAKI-LAKI,SLTA,1
373,2018,JAWA BARAT,3276,KOTA DEPOK,LAKI-LAKI,PERGURUAN TINGGI,0
374,2018,JAWA BARAT,3276,KOTA DEPOK,LAKI-LAKI,TK,0
375,2018,JAWA BARAT,3276,KOTA DEPOK,LAKI-LAKI,PAUD,0
377,2018,JAWA BARAT,3276,KOTA DEPOK,PEREMPUAN,TIDAK SEKOLAH,0
378,2018,JAWA BARAT,3276,KOTA DEPOK,PEREMPUAN,SD,0
379,2018,JAWA BARAT,3276,KOTA DEPOK,PEREMPUAN,SLTP,2
380,2018,JAWA BARAT,3276,KOTA DEPOK,PEREMPUAN,SLTA,3
381,2018,JAWA BARAT,3276,KOTA DEPOK,PEREMPUAN,PERGURUAN TINGGI,1
382,2018,JAWA BARAT,3276,KOTA DEPOK,PEREMPUAN,TK,0
383,2018,JAWA BARAT,3276,KOTA DEPOK,PEREMPUAN,PAUD,0
385,2018,JAWA BARAT,3277,KOTA CIMAHI,LAKI-LAKI,TIDAK SEKOLAH,0
386,2018,JAWA BARAT,3277,KOTA CIMAHI,LAKI-LAKI,SD,1
387,2018,JAWA BARAT,3277,KOTA CIMAHI,LAKI-LAKI,SLTP,3
388,2018,JAWA BARAT,3277,KOTA CIMAHI,LAKI-LAKI,SLTA,0
389,2018,JAWA BARAT,3277,KOTA CIMAHI,LAKI-LAKI,PERGURUAN TINGGI,0
390,2018,JAWA BARAT,3277,KOTA CIMAHI,LAKI-LAKI,TK,0
391,2018,JAWA BARAT,3277,KOTA CIMAHI,LAKI-LAKI,PAUD,0
393,2018,JAWA BARAT,3277,KOTA CIMAHI,PEREMPUAN,TIDAK SEKOLAH,0
394,2018,JAWA BARAT,3277,KOTA CIMAHI,PEREMPUAN,SD,4
395,2018,JAWA BARAT,3277,KOTA CIMAHI,PEREMPUAN,SLTP,3
396,2018,JAWA BARAT,3277,KOTA CIMAHI,PEREMPUAN,SLTA,5
397,2018,JAWA BARAT,3277,KOTA CIMAHI,PEREMPUAN,PERGURUAN TINGGI,0
398,2018,JAWA BARAT,3277,KOTA CIMAHI,PEREMPUAN,TK,0
399,2018,JAWA BARAT,3277,KOTA CIMAHI,PEREMPUAN,PAUD,0
401,2018,JAWA BARAT,3278,KOTA TASIKMALAYA,LAKI-LAKI,TIDAK SEKOLAH,0
402,2018,JAWA BARAT,3278,KOTA TASIKMALAYA,LAKI-LAKI,SD,0
403,2018,JAWA BARAT,3278,KOTA TASIKMALAYA,LAKI-LAKI,SLTP,1
404,2018,JAWA BARAT,3278,KOTA TASIKMALAYA,LAKI-LAKI,SLTA,0
405,2018,JAWA BARAT,3278,KOTA TASIKMALAYA,LAKI-LAKI,PERGURUAN TINGGI,0
406,2018,JAWA BARAT,3278,KOTA TASIKMALAYA,LAKI-LAKI,TK,0
407,2018,JAWA BARAT,3278,KOTA TASIKMALAYA,LAKI-LAKI,PAUD,0
409,2018,JAWA BARAT,3278,KOTA TASIKMALAYA,PEREMPUAN,TIDAK SEKOLAH,0
410,2018,JAWA BARAT,3278,KOTA TASIKMALAYA,PEREMPUAN,SD,3
411,2018,JAWA BARAT,3278,KOTA TASIKMALAYA,PEREMPUAN,SLTP,1
412,2018,JAWA BARAT,3278,KOTA TASIKMALAYA,PEREMPUAN,SLTA,2
413,2018,JAWA BARAT,3278,KOTA TASIKMALAYA,PEREMPUAN,PERGURUAN TINGGI,2
414,2018,JAWA BARAT,3278,KOTA TASIKMALAYA,PEREMPUAN,TK,0
415,2018,JAWA BARAT,3278,KOTA TASIKMALAYA,PEREMPUAN,PAUD,0
417,2018,JAWA BARAT,3279,KOTA BANJAR,LAKI-LAKI,TIDAK SEKOLAH,0
418,2018,JAWA BARAT,3279,KOTA BANJAR,LAKI-LAKI,SD,1
419,2018,JAWA BARAT,3279,KOTA BANJAR,LAKI-LAKI,SLTP,4
420,2018,JAWA BARAT,3279,KOTA BANJAR,LAKI-LAKI,SLTA,0
421,2018,JAWA BARAT,3279,KOTA BANJAR,LAKI-LAKI,PERGURUAN TINGGI,0
422,2018,JAWA BARAT,3279,KOTA BANJAR,LAKI-LAKI,TK,0
423,2018,JAWA BARAT,3279,KOTA BANJAR,LAKI-LAKI,PAUD,0
425,2018,JAWA BARAT,3279,KOTA BANJAR,PEREMPUAN,TIDAK SEKOLAH,0
426,2018,JAWA BARAT,3279,KOTA BANJAR,PEREMPUAN,SD,0
427,2018,JAWA BARAT,3279,KOTA BANJAR,PEREMPUAN,SLTP,5
428,2018,JAWA BARAT,3279,KOTA BANJAR,PEREMPUAN,SLTA,2
429,2018,JAWA BARAT,3279,KOTA BANJAR,PEREMPUAN,PERGURUAN TINGGI,0
430,2018,JAWA BARAT,3279,KOTA BANJAR,PEREMPUAN,TK,0
431,2018,JAWA BARAT,3279,KOTA BANJAR,PEREMPUAN,PAUD,0
433,2021,JAWA BARAT,3201,KABUPATEN BOGOR,LAKI-LAKI,TIDAK SEKOLAH,1
434,2021,JAWA BARAT,3201,KABUPATEN BOGOR,LAKI-LAKI,TK,0
435,2021,JAWA BARAT,3201,KABUPATEN BOGOR,LAKI-LAKI,PAUD,0
436,2021,JAWA BARAT,3201,KABUPATEN BOGOR,LAKI-LAKI,SD,0
437,2021,JAWA BARAT,3201,KABUPATEN BOGOR,LAKI-LAKI,SLTP,0
438,2021,JAWA BARAT,3201,KABUPATEN BOGOR,LAKI-LAKI,SLTA,0
439,2021,JAWA BARAT,3201,KABUPATEN BOGOR,LAKI-LAKI,PERGURUAN TINGGI,0
441,2021,JAWA BARAT,3201,KABUPATEN BOGOR,PEREMPUAN,TIDAK SEKOLAH,1
442,2021,JAWA BARAT,3201,KABUPATEN BOGOR,PEREMPUAN,TK,0
443,2021,JAWA BARAT,3201,KABUPATEN BOGOR,PEREMPUAN,PAUD,0
444,2021,JAWA BARAT,3201,KABUPATEN BOGOR,PEREMPUAN,SD,0
445,2021,JAWA BARAT,3201,KABUPATEN BOGOR,PEREMPUAN,SLTP,2
446,2021,JAWA BARAT,3201,KABUPATEN BOGOR,PEREMPUAN,SLTA,7
447,2021,JAWA BARAT,3201,KABUPATEN BOGOR,PEREMPUAN,PERGURUAN TINGGI,4
449,2021,JAWA BARAT,3202,KABUPATEN SUKABUMI,LAKI-LAKI,TIDAK SEKOLAH,1
450,2021,JAWA BARAT,3202,KABUPATEN SUKABUMI,LAKI-LAKI,TK,0
451,2021,JAWA BARAT,3202,KABUPATEN SUKABUMI,LAKI-LAKI,PAUD,0
452,2021,JAWA BARAT,3202,KABUPATEN SUKABUMI,LAKI-LAKI,SD,1
453,2021,JAWA BARAT,3202,KABUPATEN SUKABUMI,LAKI-LAKI,SLTP,0
454,2021,JAWA BARAT,3202,KABUPATEN SUKABUMI,LAKI-LAKI,SLTA,0
455,2021,JAWA BARAT,3202,KABUPATEN SUKABUMI,LAKI-LAKI,PERGURUAN TINGGI,0
457,2021,JAWA BARAT,3202,KABUPATEN SUKABUMI,PEREMPUAN,TIDAK SEKOLAH,2
458,2021,JAWA BARAT,3202,KABUPATEN SUKABUMI,PEREMPUAN,TK,0
459,2021,JAWA BARAT,3202,KABUPATEN SUKABUMI,PEREMPUAN,PAUD,0
460,2021,JAWA BARAT,3202,KABUPATEN SUKABUMI,PEREMPUAN,SD,1
461,2021,JAWA BARAT,3202,KABUPATEN SUKABUMI,PEREMPUAN,SLTP,9
462,2021,JAWA BARAT,3202,KABUPATEN SUKABUMI,PEREMPUAN,SLTA,6
463,2021,JAWA BARAT,3202,KABUPATEN SUKABUMI,PEREMPUAN,PERGURUAN TINGGI,0
465,2021,JAWA BARAT,3203,KABUPATEN CIANJUR,LAKI-LAKI,TIDAK SEKOLAH,0
466,2021,JAWA BARAT,3203,KABUPATEN CIANJUR,LAKI-LAKI,TK,0
467,2021,JAWA BARAT,3203,KABUPATEN CIANJUR,LAKI-LAKI,PAUD,0
468,2021,JAWA BARAT,3203,KABUPATEN CIANJUR,LAKI-LAKI,SD,1
469,2021,JAWA BARAT,3203,KABUPATEN CIANJUR,LAKI-LAKI,SLTP,0
470,2021,JAWA BARAT,3203,KABUPATEN CIANJUR,LAKI-LAKI,SLTA,0
471,2021,JAWA BARAT,3203,KABUPATEN CIANJUR,LAKI-LAKI,PERGURUAN TINGGI,0
473,2021,JAWA BARAT,3203,KABUPATEN CIANJUR,PEREMPUAN,TIDAK SEKOLAH,0
474,2021,JAWA BARAT,3203,KABUPATEN CIANJUR,PEREMPUAN,TK,0
475,2021,JAWA BARAT,3203,KABUPATEN CIANJUR,PEREMPUAN,PAUD,0
476,2021,JAWA BARAT,3203,KABUPATEN CIANJUR,PEREMPUAN,SD,3
477,2021,JAWA BARAT,3203,KABUPATEN CIANJUR,PEREMPUAN,SLTP,2
478,2021,JAWA BARAT,3203,KABUPATEN CIANJUR,PEREMPUAN,SLTA,3
479,2021,JAWA BARAT,3203,KABUPATEN CIANJUR,PEREMPUAN,PERGURUAN TINGGI,2
481,2021,JAWA BARAT,3204,KABUPATEN BANDUNG,LAKI-LAKI,TIDAK SEKOLAH,0
482,2021,JAWA BARAT,3204,KABUPATEN BANDUNG,LAKI-LAKI,TK,0
483,2021,JAWA BARAT,3204,KABUPATEN BANDUNG,LAKI-LAKI,PAUD,0
484,2021,JAWA BARAT,3204,KABUPATEN BANDUNG,LAKI-LAKI,SD,2
485,2021,JAWA BARAT,3204,KABUPATEN BANDUNG,LAKI-LAKI,SLTP,1
486,2021,JAWA BARAT,3204,KABUPATEN BANDUNG,LAKI-LAKI,SLTA,0
487,2021,JAWA BARAT,3204,KABUPATEN BANDUNG,LAKI-LAKI,PERGURUAN TINGGI,0
489,2021,JAWA BARAT,3204,KABUPATEN BANDUNG,PEREMPUAN,TIDAK SEKOLAH,1
490,2021,JAWA BARAT,3204,KABUPATEN BANDUNG,PEREMPUAN,TK,0
491,2021,JAWA BARAT,3204,KABUPATEN BANDUNG,PEREMPUAN,PAUD,1
492,2021,JAWA BARAT,3204,KABUPATEN BANDUNG,PEREMPUAN,SD,5
493,2021,JAWA BARAT,3204,KABUPATEN BANDUNG,PEREMPUAN,SLTP,6
494,2021,JAWA BARAT,3204,KABUPATEN BANDUNG,PEREMPUAN,SLTA,15
495,2021,JAWA BARAT,3204,KABUPATEN BANDUNG,PEREMPUAN,PERGURUAN TINGGI,2
497,2021,JAWA BARAT,3205,KABUPATEN GARUT,LAKI-LAKI,TIDAK SEKOLAH,0
498,2021,JAWA BARAT,3205,KABUPATEN GARUT,LAKI-LAKI,TK,0
499,2021,JAWA BARAT,3205,KABUPATEN GARUT,LAKI-LAKI,PAUD,0
500,2021,JAWA BARAT,3205,KABUPATEN GARUT,LAKI-LAKI,SD,0
501,2021,JAWA BARAT,3205,KABUPATEN GARUT,LAKI-LAKI,SLTP,0
502,2021,JAWA BARAT,3205,KABUPATEN GARUT,LAKI-LAKI,SLTA,0
503,2021,JAWA BARAT,3205,KABUPATEN GARUT,LAKI-LAKI,PERGURUAN TINGGI,0
505,2021,JAWA BARAT,3205,KABUPATEN GARUT,PEREMPUAN,TIDAK SEKOLAH,0
506,2021,JAWA BARAT,3205,KABUPATEN GARUT,PEREMPUAN,TK,0
507,2021,JAWA BARAT,3205,KABUPATEN GARUT,PEREMPUAN,PAUD,0
508,2021,JAWA BARAT,3205,KABUPATEN GARUT,PEREMPUAN,SD,0
509,2021,JAWA BARAT,3205,KABUPATEN GARUT,PEREMPUAN,SLTP,0
510,2021,JAWA BARAT,3205,KABUPATEN GARUT,PEREMPUAN,SLTA,3
511,2021,JAWA BARAT,3205,KABUPATEN GARUT,PEREMPUAN,PERGURUAN TINGGI,0
513,2021,JAWA BARAT,3206,KABUPATEN TASIKMALAYA,LAKI-LAKI,TIDAK SEKOLAH,3
514,2021,JAWA BARAT,3206,KABUPATEN TASIKMALAYA,LAKI-LAKI,TK,0
515,2021,JAWA BARAT,3206,KABUPATEN TASIKMALAYA,LAKI-LAKI,PAUD,0
516,2021,JAWA BARAT,3206,KABUPATEN TASIKMALAYA,LAKI-LAKI,SD,2
517,2021,JAWA BARAT,3206,KABUPATEN TASIKMALAYA,LAKI-LAKI,SLTP,4
518,2021,JAWA BARAT,3206,KABUPATEN TASIKMALAYA,LAKI-LAKI,SLTA,5
519,2021,JAWA BARAT,3206,KABUPATEN TASIKMALAYA,LAKI-LAKI,PERGURUAN TINGGI,0
521,2021,JAWA BARAT,3206,KABUPATEN TASIKMALAYA,PEREMPUAN,TIDAK SEKOLAH,7
522,2021,JAWA BARAT,3206,KABUPATEN TASIKMALAYA,PEREMPUAN,TK,0
523,2021,JAWA BARAT,3206,KABUPATEN TASIKMALAYA,PEREMPUAN,PAUD,0
524,2021,JAWA BARAT,3206,KABUPATEN TASIKMALAYA,PEREMPUAN,SD,2
525,2021,JAWA BARAT,3206,KABUPATEN TASIKMALAYA,PEREMPUAN,SLTP,15
526,2021,JAWA BARAT,3206,KABUPATEN TASIKMALAYA,PEREMPUAN,SLTA,3
527,2021,JAWA BARAT,3206,KABUPATEN TASIKMALAYA,PEREMPUAN,PERGURUAN TINGGI,1
529,2021,JAWA BARAT,3207,KABUPATEN CIAMIS,LAKI-LAKI,TIDAK SEKOLAH,0
530,2021,JAWA BARAT,3207,KABUPATEN CIAMIS,LAKI-LAKI,TK,0
531,2021,JAWA BARAT,3207,KABUPATEN CIAMIS,LAKI-LAKI,PAUD,0
532,2021,JAWA BARAT,3207,KABUPATEN CIAMIS,LAKI-LAKI,SD,0
533,2021,JAWA BARAT,3207,KABUPATEN CIAMIS,LAKI-LAKI,SLTP,1
534,2021,JAWA BARAT,3207,KABUPATEN CIAMIS,LAKI-LAKI,SLTA,0
535,2021,JAWA BARAT,3207,KABUPATEN CIAMIS,LAKI-LAKI,PERGURUAN TINGGI,0
537,2021,JAWA BARAT,3207,KABUPATEN CIAMIS,PEREMPUAN,TIDAK SEKOLAH,0
538,2021,JAWA BARAT,3207,KABUPATEN CIAMIS,PEREMPUAN,TK,0
539,2021,JAWA BARAT,3207,KABUPATEN CIAMIS,PEREMPUAN,PAUD,0
540,2021,JAWA BARAT,3207,KABUPATEN CIAMIS,PEREMPUAN,SD,0
541,2021,JAWA BARAT,3207,KABUPATEN CIAMIS,PEREMPUAN,SLTP,0
542,2021,JAWA BARAT,3207,KABUPATEN CIAMIS,PEREMPUAN,SLTA,0
543,2021,JAWA BARAT,3207,KABUPATEN CIAMIS,PEREMPUAN,PERGURUAN TINGGI,0
545,2021,JAWA BARAT,3208,KABUPATEN KUNINGAN,LAKI-LAKI,TIDAK SEKOLAH,0
546,2021,JAWA BARAT,3208,KABUPATEN KUNINGAN,LAKI-LAKI,TK,0
547,2021,JAWA BARAT,3208,KABUPATEN KUNINGAN,LAKI-LAKI,PAUD,0
548,2021,JAWA BARAT,3208,KABUPATEN KUNINGAN,LAKI-LAKI,SD,0
549,2021,JAWA BARAT,3208,KABUPATEN KUNINGAN,LAKI-LAKI,SLTP,0
550,2021,JAWA BARAT,3208,KABUPATEN KUNINGAN,LAKI-LAKI,SLTA,0
551,2021,JAWA BARAT,3208,KABUPATEN KUNINGAN,LAKI-LAKI,PERGURUAN TINGGI,0
553,2021,JAWA BARAT,3208,KABUPATEN KUNINGAN,PEREMPUAN,TIDAK SEKOLAH,0
554,2021,JAWA BARAT,3208,KABUPATEN KUNINGAN,PEREMPUAN,TK,0
555,2021,JAWA BARAT,3208,KABUPATEN KUNINGAN,PEREMPUAN,PAUD,0
556,2021,JAWA BARAT,3208,KABUPATEN KUNINGAN,PEREMPUAN,SD,0
557,2021,JAWA BARAT,3208,KABUPATEN KUNINGAN,PEREMPUAN,SLTP,0
558,2021,JAWA BARAT,3208,KABUPATEN KUNINGAN,PEREMPUAN,SLTA,0
559,2021,JAWA BARAT,3208,KABUPATEN KUNINGAN,PEREMPUAN,PERGURUAN TINGGI,0
561,2021,JAWA BARAT,3209,KABUPATEN CIREBON,LAKI-LAKI,TIDAK SEKOLAH,0
562,2021,JAWA BARAT,3209,KABUPATEN CIREBON,LAKI-LAKI,TK,0
563,2021,JAWA BARAT,3209,KABUPATEN CIREBON,LAKI-LAKI,PAUD,0
564,2021,JAWA BARAT,3209,KABUPATEN CIREBON,LAKI-LAKI,SD,1
565,2021,JAWA BARAT,3209,KABUPATEN CIREBON,LAKI-LAKI,SLTP,0
566,2021,JAWA BARAT,3209,KABUPATEN CIREBON,LAKI-LAKI,SLTA,0
567,2021,JAWA BARAT,3209,KABUPATEN CIREBON,LAKI-LAKI,PERGURUAN TINGGI,0
569,2021,JAWA BARAT,3209,KABUPATEN CIREBON,PEREMPUAN,TIDAK SEKOLAH,0
570,2021,JAWA BARAT,3209,KABUPATEN CIREBON,PEREMPUAN,TK,0
571,2021,JAWA BARAT,3209,KABUPATEN CIREBON,PEREMPUAN,PAUD,0
572,2021,JAWA BARAT,3209,KABUPATEN CIREBON,PEREMPUAN,SD,0
573,2021,JAWA BARAT,3209,KABUPATEN CIREBON,PEREMPUAN,SLTP,1
574,2021,JAWA BARAT,3209,KABUPATEN CIREBON,PEREMPUAN,SLTA,1
575,2021,JAWA BARAT,3209,KABUPATEN CIREBON,PEREMPUAN,PERGURUAN TINGGI,0
577,2021,JAWA BARAT,3210,KABUPATEN MAJALENGKA,LAKI-LAKI,TIDAK SEKOLAH,0
578,2021,JAWA BARAT,3210,KABUPATEN MAJALENGKA,LAKI-LAKI,TK,0
579,2021,JAWA BARAT,3210,KABUPATEN MAJALENGKA,LAKI-LAKI,PAUD,0
580,2021,JAWA BARAT,3210,KABUPATEN MAJALENGKA,LAKI-LAKI,SD,0
581,2021,JAWA BARAT,3210,KABUPATEN MAJALENGKA,LAKI-LAKI,SLTP,0
582,2021,JAWA BARAT,3210,KABUPATEN MAJALENGKA,LAKI-LAKI,SLTA,0
583,2021,JAWA BARAT,3210,KABUPATEN MAJALENGKA,LAKI-LAKI,PERGURUAN TINGGI,0
585,2021,JAWA BARAT,3210,KABUPATEN MAJALENGKA,PEREMPUAN,TIDAK SEKOLAH,0
586,2021,JAWA BARAT,3210,KABUPATEN MAJALENGKA,PEREMPUAN,TK,0
587,2021,JAWA BARAT,3210,KABUPATEN MAJALENGKA,PEREMPUAN,PAUD,0
588,2021,JAWA BARAT,3210,KABUPATEN MAJALENGKA,PEREMPUAN,SD,4
589,2021,JAWA BARAT,3210,KABUPATEN MAJALENGKA,PEREMPUAN,SLTP,1
590,2021,JAWA BARAT,3210,KABUPATEN MAJALENGKA,PEREMPUAN,SLTA,0
591,2021,JAWA BARAT,3210,KABUPATEN MAJALENGKA,PEREMPUAN,PERGURUAN TINGGI,0
593,2021,JAWA BARAT,3211,KABUPATEN SUMEDANG,LAKI-LAKI,TIDAK SEKOLAH,0
594,2021,JAWA BARAT,3211,KABUPATEN SUMEDANG,LAKI-LAKI,TK,0
595,2021,JAWA BARAT,3211,KABUPATEN SUMEDANG,LAKI-LAKI,PAUD,0
596,2021,JAWA BARAT,3211,KABUPATEN SUMEDANG,LAKI-LAKI,SD,0
597,2021,JAWA BARAT,3211,KABUPATEN SUMEDANG,LAKI-LAKI,SLTP,0
598,2021,JAWA BARAT,3211,KABUPATEN SUMEDANG,LAKI-LAKI,SLTA,0
599,2021,JAWA BARAT,3211,KABUPATEN SUMEDANG,LAKI-LAKI,PERGURUAN TINGGI,0
601,2021,JAWA BARAT,3211,KABUPATEN SUMEDANG,PEREMPUAN,TIDAK SEKOLAH,0
602,2021,JAWA BARAT,3211,KABUPATEN SUMEDANG,PEREMPUAN,TK,0
603,2021,JAWA BARAT,3211,KABUPATEN SUMEDANG,PEREMPUAN,PAUD,0
604,2021,JAWA BARAT,3211,KABUPATEN SUMEDANG,PEREMPUAN,SD,0
605,2021,JAWA BARAT,3211,KABUPATEN SUMEDANG,PEREMPUAN,SLTP,1
606,2021,JAWA BARAT,3211,KABUPATEN SUMEDANG,PEREMPUAN,SLTA,0
607,2021,JAWA BARAT,3211,KABUPATEN SUMEDANG,PEREMPUAN,PERGURUAN TINGGI,0
609,2021,JAWA BARAT,3212,KABUPATEN INDRAMAYU,LAKI-LAKI,TIDAK SEKOLAH,0
610,2021,JAWA BARAT,3212,KABUPATEN INDRAMAYU,LAKI-LAKI,TK,0
611,2021,JAWA BARAT,3212,KABUPATEN INDRAMAYU,LAKI-LAKI,PAUD,0
612,2021,JAWA BARAT,3212,KABUPATEN INDRAMAYU,LAKI-LAKI,SD,2
613,2021,JAWA BARAT,3212,KABUPATEN INDRAMAYU,LAKI-LAKI,SLTP,0
614,2021,JAWA BARAT,3212,KABUPATEN INDRAMAYU,LAKI-LAKI,SLTA,0
615,2021,JAWA BARAT,3212,KABUPATEN INDRAMAYU,LAKI-LAKI,PERGURUAN TINGGI,0
617,2021,JAWA BARAT,3212,KABUPATEN INDRAMAYU,PEREMPUAN,TIDAK SEKOLAH,0
618,2021,JAWA BARAT,3212,KABUPATEN INDRAMAYU,PEREMPUAN,TK,0
619,2021,JAWA BARAT,3212,KABUPATEN INDRAMAYU,PEREMPUAN,PAUD,0
620,2021,JAWA BARAT,3212,KABUPATEN INDRAMAYU,PEREMPUAN,SD,1
621,2021,JAWA BARAT,3212,KABUPATEN INDRAMAYU,PEREMPUAN,SLTP,1
622,2021,JAWA BARAT,3212,KABUPATEN INDRAMAYU,PEREMPUAN,SLTA,4
623,2021,JAWA BARAT,3212,KABUPATEN INDRAMAYU,PEREMPUAN,PERGURUAN TINGGI,0
625,2021,JAWA BARAT,3213,KABUPATEN SUBANG,LAKI-LAKI,TIDAK SEKOLAH,0
626,2021,JAWA BARAT,3213,KABUPATEN SUBANG,LAKI-LAKI,TK,0
627,2021,JAWA BARAT,3213,KABUPATEN SUBANG,LAKI-LAKI,PAUD,0
628,2021,JAWA BARAT,3213,KABUPATEN SUBANG,LAKI-LAKI,SD,0
629,2021,JAWA BARAT,3213,KABUPATEN SUBANG,LAKI-LAKI,SLTP,0
630,2021,JAWA BARAT,3213,KABUPATEN SUBANG,LAKI-LAKI,SLTA,0
631,2021,JAWA BARAT,3213,KABUPATEN SUBANG,LAKI-LAKI,PERGURUAN TINGGI,0
633,2021,JAWA BARAT,3213,KABUPATEN SUBANG,PEREMPUAN,TIDAK SEKOLAH,0
634,2021,JAWA BARAT,3213,KABUPATEN SUBANG,PEREMPUAN,TK,0
635,2021,JAWA BARAT,3213,KABUPATEN SUBANG,PEREMPUAN,PAUD,0
636,2021,JAWA BARAT,3213,KABUPATEN SUBANG,PEREMPUAN,SD,0
637,2021,JAWA BARAT,3213,KABUPATEN SUBANG,PEREMPUAN,SLTP,0
638,2021,JAWA BARAT,3213,KABUPATEN SUBANG,PEREMPUAN,SLTA,0
639,2021,JAWA BARAT,3213,KABUPATEN SUBANG,PEREMPUAN,PERGURUAN TINGGI,0
641,2021,JAWA BARAT,3214,KABUPATEN PURWAKARTA,LAKI-LAKI,TIDAK SEKOLAH,0
642,2021,JAWA BARAT,3214,KABUPATEN PURWAKARTA,LAKI-LAKI,TK,0
643,2021,JAWA BARAT,3214,KABUPATEN PURWAKARTA,LAKI-LAKI,PAUD,0
644,2021,JAWA BARAT,3214,KABUPATEN PURWAKARTA,LAKI-LAKI,SD,0
645,2021,JAWA BARAT,3214,KABUPATEN PURWAKARTA,LAKI-LAKI,SLTP,0
646,2021,JAWA BARAT,3214,KABUPATEN PURWAKARTA,LAKI-LAKI,SLTA,0
647,2021,JAWA BARAT,3214,KABUPATEN PURWAKARTA,LAKI-LAKI,PERGURUAN TINGGI,0
649,2021,JAWA BARAT,3214,KABUPATEN PURWAKARTA,PEREMPUAN,TIDAK SEKOLAH,0
650,2021,JAWA BARAT,3214,KABUPATEN PURWAKARTA,PEREMPUAN,TK,0
651,2021,JAWA BARAT,3214,KABUPATEN PURWAKARTA,PEREMPUAN,PAUD,0
652,2021,JAWA BARAT,3214,KABUPATEN PURWAKARTA,PEREMPUAN,SD,0
653,2021,JAWA BARAT,3214,KABUPATEN PURWAKARTA,PEREMPUAN,SLTP,0
654,2021,JAWA BARAT,3214,KABUPATEN PURWAKARTA,PEREMPUAN,SLTA,0
655,2021,JAWA BARAT,3214,KABUPATEN PURWAKARTA,PEREMPUAN,PERGURUAN TINGGI,0
657,2021,JAWA BARAT,3215,KABUPATEN KARAWANG,LAKI-LAKI,TIDAK SEKOLAH,0
658,2021,JAWA BARAT,3215,KABUPATEN KARAWANG,LAKI-LAKI,TK,0
659,2021,JAWA BARAT,3215,KABUPATEN KARAWANG,LAKI-LAKI,PAUD,0
660,2021,JAWA BARAT,3215,KABUPATEN KARAWANG,LAKI-LAKI,SD,0
661,2021,JAWA BARAT,3215,KABUPATEN KARAWANG,LAKI-LAKI,SLTP,0
662,2021,JAWA BARAT,3215,KABUPATEN KARAWANG,LAKI-LAKI,SLTA,0
663,2021,JAWA BARAT,3215,KABUPATEN KARAWANG,LAKI-LAKI,PERGURUAN TINGGI,0
665,2021,JAWA BARAT,3215,KABUPATEN KARAWANG,PEREMPUAN,TIDAK SEKOLAH,0
666,2021,JAWA BARAT,3215,KABUPATEN KARAWANG,PEREMPUAN,TK,0
667,2021,JAWA BARAT,3215,KABUPATEN KARAWANG,PEREMPUAN,PAUD,0
668,2021,JAWA BARAT,3215,KABUPATEN KARAWANG,PEREMPUAN,SD,0
669,2021,JAWA BARAT,3215,KABUPATEN KARAWANG,PEREMPUAN,SLTP,2
670,2021,JAWA BARAT,3215,KABUPATEN KARAWANG,PEREMPUAN,SLTA,0
671,2021,JAWA BARAT,3215,KABUPATEN KARAWANG,PEREMPUAN,PERGURUAN TINGGI,0
673,2021,JAWA BARAT,3216,KABUPATEN BEKASI,LAKI-LAKI,TIDAK SEKOLAH,0
674,2021,JAWA BARAT,3216,KABUPATEN BEKASI,LAKI-LAKI,TK,0
675,2021,JAWA BARAT,3216,KABUPATEN BEKASI,LAKI-LAKI,PAUD,0
676,2021,JAWA BARAT,3216,KABUPATEN BEKASI,LAKI-LAKI,SD,2
677,2021,JAWA BARAT,3216,KABUPATEN BEKASI,LAKI-LAKI,SLTP,0
678,2021,JAWA BARAT,3216,KABUPATEN BEKASI,LAKI-LAKI,SLTA,1
679,2021,JAWA BARAT,3216,KABUPATEN BEKASI,LAKI-LAKI,PERGURUAN TINGGI,0
681,2021,JAWA BARAT,3216,KABUPATEN BEKASI,PEREMPUAN,TIDAK SEKOLAH,0
682,2021,JAWA BARAT,3216,KABUPATEN BEKASI,PEREMPUAN,TK,1
683,2021,JAWA BARAT,3216,KABUPATEN BEKASI,PEREMPUAN,PAUD,1
684,2021,JAWA BARAT,3216,KABUPATEN BEKASI,PEREMPUAN,SD,2
685,2021,JAWA BARAT,3216,KABUPATEN BEKASI,PEREMPUAN,SLTP,0
686,2021,JAWA BARAT,3216,KABUPATEN BEKASI,PEREMPUAN,SLTA,12
687,2021,JAWA BARAT,3216,KABUPATEN BEKASI,PEREMPUAN,PERGURUAN TINGGI,4
689,2021,JAWA BARAT,3217,KABUPATEN BANDUNG BARAT,LAKI-LAKI,TIDAK SEKOLAH,0
690,2021,JAWA BARAT,3217,KABUPATEN BANDUNG BARAT,LAKI-LAKI,TK,0
691,2021,JAWA BARAT,3217,KABUPATEN BANDUNG BARAT,LAKI-LAKI,PAUD,0
692,2021,JAWA BARAT,3217,KABUPATEN BANDUNG BARAT,LAKI-LAKI,SD,0
693,2021,JAWA BARAT,3217,KABUPATEN BANDUNG BARAT,LAKI-LAKI,SLTP,0
694,2021,JAWA BARAT,3217,KABUPATEN BANDUNG BARAT,LAKI-LAKI,SLTA,0
695,2021,JAWA BARAT,3217,KABUPATEN BANDUNG BARAT,LAKI-LAKI,PERGURUAN TINGGI,0
697,2021,JAWA BARAT,3217,KABUPATEN BANDUNG BARAT,PEREMPUAN,TIDAK SEKOLAH,2
698,2021,JAWA BARAT,3217,KABUPATEN BANDUNG BARAT,PEREMPUAN,TK,0
699,2021,JAWA BARAT,3217,KABUPATEN BANDUNG BARAT,PEREMPUAN,PAUD,0
700,2021,JAWA BARAT,3217,KABUPATEN BANDUNG BARAT,PEREMPUAN,SD,0
701,2021,JAWA BARAT,3217,KABUPATEN BANDUNG BARAT,PEREMPUAN,SLTP,1
702,2021,JAWA BARAT,3217,KABUPATEN BANDUNG BARAT,PEREMPUAN,SLTA,0
703,2021,JAWA BARAT,3217,KABUPATEN BANDUNG BARAT,PEREMPUAN,PERGURUAN TINGGI,1
705,2021,JAWA BARAT,3218,KABUPATEN PANGANDARAN,LAKI-LAKI,TIDAK SEKOLAH,0
706,2021,JAWA BARAT,3218,KABUPATEN PANGANDARAN,LAKI-LAKI,TK,0
707,2021,JAWA BARAT,3218,KABUPATEN PANGANDARAN,LAKI-LAKI,PAUD,0
708,2021,JAWA BARAT,3218,KABUPATEN PANGANDARAN,LAKI-LAKI,SD,0
709,2021,JAWA BARAT,3218,KABUPATEN PANGANDARAN,LAKI-LAKI,SLTP,0
710,2021,JAWA BARAT,3218,KABUPATEN PANGANDARAN,LAKI-LAKI,SLTA,0
711,2021,JAWA BARAT,3218,KABUPATEN PANGANDARAN,LAKI-LAKI,PERGURUAN TINGGI,0
713,2021,JAWA BARAT,3218,KABUPATEN PANGANDARAN,PEREMPUAN,TIDAK SEKOLAH,0
714,2021,JAWA BARAT,3218,KABUPATEN PANGANDARAN,PEREMPUAN,TK,0
715,2021,JAWA BARAT,3218,KABUPATEN PANGANDARAN,PEREMPUAN,PAUD,0
716,2021,JAWA BARAT,3218,KABUPATEN PANGANDARAN,PEREMPUAN,SD,0
717,2021,JAWA BARAT,3218,KABUPATEN PANGANDARAN,PEREMPUAN,SLTP,2
718,2021,JAWA BARAT,3218,KABUPATEN PANGANDARAN,PEREMPUAN,SLTA,1
719,2021,JAWA BARAT,3218,KABUPATEN PANGANDARAN,PEREMPUAN,PERGURUAN TINGGI,0
721,2021,JAWA BARAT,3271,KOTA BOGOR,LAKI-LAKI,TIDAK SEKOLAH,1
722,2021,JAWA BARAT,3271,KOTA BOGOR,LAKI-LAKI,TK,0
723,2021,JAWA BARAT,3271,KOTA BOGOR,LAKI-LAKI,PAUD,0
724,2021,JAWA BARAT,3271,KOTA BOGOR,LAKI-LAKI,SD,1
725,2021,JAWA BARAT,3271,KOTA BOGOR,LAKI-LAKI,SLTP,0
726,2021,JAWA BARAT,3271,KOTA BOGOR,LAKI-LAKI,SLTA,1
727,2021,JAWA BARAT,3271,KOTA BOGOR,LAKI-LAKI,PERGURUAN TINGGI,0
729,2021,JAWA BARAT,3271,KOTA BOGOR,PEREMPUAN,TIDAK SEKOLAH,0
730,2021,JAWA BARAT,3271,KOTA BOGOR,PEREMPUAN,TK,0
731,2021,JAWA BARAT,3271,KOTA BOGOR,PEREMPUAN,PAUD,0
732,2021,JAWA BARAT,3271,KOTA BOGOR,PEREMPUAN,SD,3
733,2021,JAWA BARAT,3271,KOTA BOGOR,PEREMPUAN,SLTP,3
734,2021,JAWA BARAT,3271,KOTA BOGOR,PEREMPUAN,SLTA,12
735,2021,JAWA BARAT,3271,KOTA BOGOR,PEREMPUAN,PERGURUAN TINGGI,5
737,2021,JAWA BARAT,3272,KOTA SUKABUMI,LAKI-LAKI,TIDAK SEKOLAH,0
738,2021,JAWA BARAT,3272,KOTA SUKABUMI,LAKI-LAKI,TK,0
739,2021,JAWA BARAT,3272,KOTA SUKABUMI,LAKI-LAKI,PAUD,0
740,2021,JAWA BARAT,3272,KOTA SUKABUMI,LAKI-LAKI,SD,0
741,2021,JAWA BARAT,3272,KOTA SUKABUMI,LAKI-LAKI,SLTP,0
742,2021,JAWA BARAT,3272,KOTA SUKABUMI,LAKI-LAKI,SLTA,0
743,2021,JAWA BARAT,3272,KOTA SUKABUMI,LAKI-LAKI,PERGURUAN TINGGI,0
745,2021,JAWA BARAT,3272,KOTA SUKABUMI,PEREMPUAN,TIDAK SEKOLAH,1
746,2021,JAWA BARAT,3272,KOTA SUKABUMI,PEREMPUAN,TK,0
747,2021,JAWA BARAT,3272,KOTA SUKABUMI,PEREMPUAN,PAUD,0
748,2021,JAWA BARAT,3272,KOTA SUKABUMI,PEREMPUAN,SD,0
749,2021,JAWA BARAT,3272,KOTA SUKABUMI,PEREMPUAN,SLTP,1
750,2021,JAWA BARAT,3272,KOTA SUKABUMI,PEREMPUAN,SLTA,3
751,2021,JAWA BARAT,3272,KOTA SUKABUMI,PEREMPUAN,PERGURUAN TINGGI,1
753,2021,JAWA BARAT,3273,KOTA BANDUNG,LAKI-LAKI,TIDAK SEKOLAH,1
754,2021,JAWA BARAT,3273,KOTA BANDUNG,LAKI-LAKI,TK,0
755,2021,JAWA BARAT,3273,KOTA BANDUNG,LAKI-LAKI,PAUD,0
756,2021,JAWA BARAT,3273,KOTA BANDUNG,LAKI-LAKI,SD,0
757,2021,JAWA BARAT,3273,KOTA BANDUNG,LAKI-LAKI,SLTP,1
758,2021,JAWA BARAT,3273,KOTA BANDUNG,LAKI-LAKI,SLTA,1
759,2021,JAWA BARAT,3273,KOTA BANDUNG,LAKI-LAKI,PERGURUAN TINGGI,1
761,2021,JAWA BARAT,3273,KOTA BANDUNG,PEREMPUAN,TIDAK SEKOLAH,4
762,2021,JAWA BARAT,3273,KOTA BANDUNG,PEREMPUAN,TK,2
763,2021,JAWA BARAT,3273,KOTA BANDUNG,PEREMPUAN,PAUD,0
764,2021,JAWA BARAT,3273,KOTA BANDUNG,PEREMPUAN,SD,4
765,2021,JAWA BARAT,3273,KOTA BANDUNG,PEREMPUAN,SLTP,6
766,2021,JAWA BARAT,3273,KOTA BANDUNG,PEREMPUAN,SLTA,19
767,2021,JAWA BARAT,3273,KOTA BANDUNG,PEREMPUAN,PERGURUAN TINGGI,12
769,2021,JAWA BARAT,3274,KOTA CIREBON,LAKI-LAKI,TIDAK SEKOLAH,0
770,2021,JAWA BARAT,3274,KOTA CIREBON,LAKI-LAKI,TK,0
771,2021,JAWA BARAT,3274,KOTA CIREBON,LAKI-LAKI,PAUD,0
772,2021,JAWA BARAT,3274,KOTA CIREBON,LAKI-LAKI,SD,0
773,2021,JAWA BARAT,3274,KOTA CIREBON,LAKI-LAKI,SLTP,0
774,2021,JAWA BARAT,3274,KOTA CIREBON,LAKI-LAKI,SLTA,0
775,2021,JAWA BARAT,3274,KOTA CIREBON,LAKI-LAKI,PERGURUAN TINGGI,0
777,2021,JAWA BARAT,3274,KOTA CIREBON,PEREMPUAN,TIDAK SEKOLAH,0
778,2021,JAWA BARAT,3274,KOTA CIREBON,PEREMPUAN,TK,0
779,2021,JAWA BARAT,3274,KOTA CIREBON,PEREMPUAN,PAUD,0
780,2021,JAWA BARAT,3274,KOTA CIREBON,PEREMPUAN,SD,0
781,2021,JAWA BARAT,3274,KOTA CIREBON,PEREMPUAN,SLTP,0
782,2021,JAWA BARAT,3274,KOTA CIREBON,PEREMPUAN,SLTA,0
783,2021,JAWA BARAT,3274,KOTA CIREBON,PEREMPUAN,PERGURUAN TINGGI,0
785,2021,JAWA BARAT,3275,KOTA BEKASI,LAKI-LAKI,TIDAK SEKOLAH,0
786,2021,JAWA BARAT,3275,KOTA BEKASI,LAKI-LAKI,TK,0
787,2021,JAWA BARAT,3275,KOTA BEKASI,LAKI-LAKI,PAUD,0
788,2021,JAWA BARAT,3275,KOTA BEKASI,LAKI-LAKI,SD,0
789,2021,JAWA BARAT,3275,KOTA BEKASI,LAKI-LAKI,SLTP,0
790,2021,JAWA BARAT,3275,KOTA BEKASI,LAKI-LAKI,SLTA,0
791,2021,JAWA BARAT,3275,KOTA BEKASI,LAKI-LAKI,PERGURUAN TINGGI,0
793,2021,JAWA BARAT,3275,KOTA BEKASI,PEREMPUAN,TIDAK SEKOLAH,0
794,2021,JAWA BARAT,3275,KOTA BEKASI,PEREMPUAN,TK,0
795,2021,JAWA BARAT,3275,KOTA BEKASI,PEREMPUAN,PAUD,0
796,2021,JAWA BARAT,3275,KOTA BEKASI,PEREMPUAN,SD,0
797,2021,JAWA BARAT,3275,KOTA BEKASI,PEREMPUAN,SLTP,0
798,2021,JAWA BARAT,3275,KOTA BEKASI,PEREMPUAN,SLTA,0
799,2021,JAWA BARAT,3275,KOTA BEKASI,PEREMPUAN,PERGURUAN TINGGI,0
801,2021,JAWA BARAT,3276,KOTA DEPOK,LAKI-LAKI,TIDAK SEKOLAH,0
802,2021,JAWA BARAT,3276,KOTA DEPOK,LAKI-LAKI,TK,0
803,2021,JAWA BARAT,3276,KOTA DEPOK,LAKI-LAKI,PAUD,0
804,2021,JAWA BARAT,3276,KOTA DEPOK,LAKI-LAKI,SD,4
805,2021,JAWA BARAT,3276,KOTA DEPOK,LAKI-LAKI,SLTP,2
806,2021,JAWA BARAT,3276,KOTA DEPOK,LAKI-LAKI,SLTA,0
807,2021,JAWA BARAT,3276,KOTA DEPOK,LAKI-LAKI,PERGURUAN TINGGI,0
809,2021,JAWA BARAT,3276,KOTA DEPOK,PEREMPUAN,TIDAK SEKOLAH,0
810,2021,JAWA BARAT,3276,KOTA DEPOK,PEREMPUAN,TK,0
811,2021,JAWA BARAT,3276,KOTA DEPOK,PEREMPUAN,PAUD,0
812,2021,JAWA BARAT,3276,KOTA DEPOK,PEREMPUAN,SD,12
813,2021,JAWA BARAT,3276,KOTA DEPOK,PEREMPUAN,SLTP,11
814,2021,JAWA BARAT,3276,KOTA DEPOK,PEREMPUAN,SLTA,28
815,2021,JAWA BARAT,3276,KOTA DEPOK,PEREMPUAN,PERGURUAN TINGGI,21
817,2021,JAWA BARAT,3277,KOTA CIMAHI,LAKI-LAKI,TIDAK SEKOLAH,0
818,2021,JAWA BARAT,3277,KOTA CIMAHI,LAKI-LAKI,TK,0
819,2021,JAWA BARAT,3277,KOTA CIMAHI,LAKI-LAKI,PAUD,0
820,2021,JAWA BARAT,3277,KOTA CIMAHI,LAKI-LAKI,SD,0
821,2021,JAWA BARAT,3277,KOTA CIMAHI,LAKI-LAKI,SLTP,0
822,2021,JAWA BARAT,3277,KOTA CIMAHI,LAKI-LAKI,SLTA,0
823,2021,JAWA BARAT,3277,KOTA CIMAHI,LAKI-LAKI,PERGURUAN TINGGI,0
825,2021,JAWA BARAT,3277,KOTA CIMAHI,PEREMPUAN,TIDAK SEKOLAH,0
826,2021,JAWA BARAT,3277,KOTA CIMAHI,PEREMPUAN,TK,0
827,2021,JAWA BARAT,3277,KOTA CIMAHI,PEREMPUAN,PAUD,0
828,2021,JAWA BARAT,3277,KOTA CIMAHI,PEREMPUAN,SD,0
829,2021,JAWA BARAT,3277,KOTA CIMAHI,PEREMPUAN,SLTP,0
830,2021,JAWA BARAT,3277,KOTA CIMAHI,PEREMPUAN,SLTA,0
831,2021,JAWA BARAT,3277,KOTA CIMAHI,PEREMPUAN,PERGURUAN TINGGI,0
833,2021,JAWA BARAT,3278,KOTA TASIKMALAYA,LAKI-LAKI,TIDAK SEKOLAH,0
834,2021,JAWA BARAT,3278,KOTA TASIKMALAYA,LAKI-LAKI,TK,0
835,2021,JAWA BARAT,3278,KOTA TASIKMALAYA,LAKI-LAKI,PAUD,0
836,2021,JAWA BARAT,3278,KOTA TASIKMALAYA,LAKI-LAKI,SD,0
837,2021,JAWA BARAT,3278,KOTA TASIKMALAYA,LAKI-LAKI,SLTP,0
838,2021,JAWA BARAT,3278,KOTA TASIKMALAYA,LAKI-LAKI,SLTA,0
839,2021,JAWA BARAT,3278,KOTA TASIKMALAYA,LAKI-LAKI,PERGURUAN TINGGI,0
841,2021,JAWA BARAT,3278,KOTA TASIKMALAYA,PEREMPUAN,TIDAK SEKOLAH,0
842,2021,JAWA BARAT,3278,KOTA TASIKMALAYA,PEREMPUAN,TK,0
843,2021,JAWA BARAT,3278,KOTA TASIKMALAYA,PEREMPUAN,PAUD,0
844,2021,JAWA BARAT,3278,KOTA TASIKMALAYA,PEREMPUAN,SD,1
845,2021,JAWA BARAT,3278,KOTA TASIKMALAYA,PEREMPUAN,SLTP,0
846,2021,JAWA BARAT,3278,KOTA TASIKMALAYA,PEREMPUAN,SLTA,0
847,2021,JAWA BARAT,3278,KOTA TASIKMALAYA,PEREMPUAN,PERGURUAN TINGGI,0
849,2021,JAWA BARAT,3279,KOTA BANJAR,LAKI-LAKI,TIDAK SEKOLAH,0
850,2021,JAWA BARAT,3279,KOTA BANJAR,LAKI-LAKI,TK,0
851,2021,JAWA BARAT,3279,KOTA BANJAR,LAKI-LAKI,PAUD,0
852,2021,JAWA BARAT,3279,KOTA BANJAR,LAKI-LAKI,SD,0
853,2021,JAWA BARAT,3279,KOTA BANJAR,LAKI-LAKI,SLTP,0
854,2021,JAWA BARAT,3279,KOTA BANJAR,LAKI-LAKI,SLTA,0
855,2021,JAWA BARAT,3279,KOTA BANJAR,LAKI-LAKI,PERGURUAN TINGGI,0
857,2021,JAWA BARAT,3279,KOTA BANJAR,PEREMPUAN,TIDAK SEKOLAH,0
858,2021,JAWA BARAT,3279,KOTA BANJAR,PEREMPUAN,TK,0
859,2021,JAWA BARAT,3279,KOTA BANJAR,PEREMPUAN,PAUD,0
860,2021,JAWA BARAT,3279,KOTA BANJAR,PEREMPUAN,SD,0
861,2021,JAWA BARAT,3279,KOTA BANJAR,PEREMPUAN,SLTP,0
862,2021,JAWA BARAT,3279,KOTA BANJAR,PEREMPUAN,SLTA,0
863,2021,JAWA BARAT,3279,KOTA BANJAR,PEREMPUAN,PERGURUAN TINGGI,0
