,tahun,nama_provinsi,kode_kabupaten_kota,nama_kabupaten_kota,jenis_kelamin,kategori_usia,jml_kelompok_usia
0,2018,JAWA BARAT,3201,KABUPATEN BOGOR,LAKI-LAKI,0-5 TAHUN,0
1,2018,JAWA BARAT,3201,KABUPATEN BOGOR,LAKI-LAKI,6-12 TAHUN,0
2,2018,JAWA BARAT,3201,KABUPATEN BOGOR,LAKI-LAKI,13-17 TAHUN,0
3,2018,JAWA BARAT,3201,KABUPATEN BOGOR,LAKI-LAKI,18-24 TAHUN,0
4,2018,JAWA BARAT,3201,KABUPATEN BOGOR,LAKI-LAKI,25-44 TAHUN,0
5,2018,JAWA BARAT,3201,KABUPATEN BOGOR,LAKI-LAKI,45-59 TAHUN,0
6,2018,JAWA BARAT,3201,KABUPATEN BOGOR,LAKI-LAKI,60+ TAHUN,0
7,2018,JAWA BARAT,3201,KABUPATEN BOGOR,PEREMPUAN,0-5 TAHUN,0
8,2018,JAWA BARAT,3201,KABUPATEN BOGOR,PEREMPUAN,6-12 TAHUN,0
9,2018,JAWA BARAT,3201,KABUPATEN BOGOR,PEREMPUAN,13-17 TAHUN,1
10,2018,JAWA BARAT,3201,KABUPATEN BOGOR,PEREMPUAN,18-24 TAHUN,0
11,2018,JAWA BARAT,3201,KABUPATEN BOGOR,PEREMPUAN,25-44 TAHUN,0
12,2018,JAWA BARAT,3201,KABUPATEN BOGOR,PEREMPUAN,45-59 TAHUN,1
13,2018,JAWA BARAT,3201,KABUPATEN BOGOR,PEREMPUAN,60+ TAHUN,0
14,2021,JAWA BARAT,3201,KABUPATEN BOGOR,LAKI-LAKI,0-5 TAHUN,2
15,2021,JAWA BARAT,3201,KABUPATEN BOGOR,LAKI-LAKI,6-12 TAHUN,0
16,2021,JAWA BARAT,3201,KABUPATEN BOGOR,LAKI-LAKI,13-17 TAHUN,1
17,2021,JAWA BARAT,3201,KABUPATEN BOGOR,LAKI-LAKI,18-24 TAHUN,0
18,2021,JAWA BARAT,3201,KABUPATEN BOGOR,LAKI-LAKI,25-44 TAHUN,0
19,2021,JAWA BARAT,3201,KABUPATEN BOGOR,LAKI-LAKI,45-59 TAHUN,0
20,2021,JAWA BARAT,3201,KABUPATEN BOGOR,LAKI-LAKI,60+ TAHUN,0
21,2021,JAWA BARAT,3201,KABUPATEN BOGOR,PEREMPUAN,0-5 TAHUN,1
22,2021,JAWA BARAT,3201,KABUPATEN BOGOR,PEREMPUAN,6-12 TAHUN,2
23,2021,JAWA BARAT,3201,KABUPATEN BOGOR,PEREMPUAN,13-17 TAHUN,7
24,2021,JAWA BARAT,3201,KABUPATEN BOGOR,PEREMPUAN,18-24 TAHUN,4
25,2021,JAWA BARAT,3201,KABUPATEN BOGOR,PEREMPUAN,25-44 TAHUN,3
26,2021,JAWA BARAT,3201,KABUPATEN BOGOR,PEREMPUAN,45-59 TAHUN,0
27,2021,JAWA BARAT,3201,KABUPATEN BOGOR,PEREMPUAN,60+ TAHUN,0
28,2018,JAWA BARAT,3202,KABUPATEN SUKABUMI,LAKI-LAKI,0-5 TAHUN,0
29,2018,JAWA BARAT,3202,KABUPATEN SUKABUMI,LAKI-LAKI,6-12 TAHUN,3
30,2018,JAWA BARAT,3202,KABUPATEN SUKABUMI,LAKI-LAKI,13-17 TAHUN,2
31,2018,JAWA BARAT,3202,KABUPATEN SUKABUMI,LAKI-LAKI,18-24 TAHUN,0
32,2018,JAWA BARAT,3202,KABUPATEN SUKABUMI,LAKI-LAKI,25-44 TAHUN,0
33,2018,JAWA BARAT,3202,KABUPATEN SUKABUMI,LAKI-LAKI,45-59 TAHUN,0
34,2018,JAWA BARAT,3202,KABUPATEN SUKABUMI,LAKI-LAKI,60+ TAHUN,0
35,2018,JAWA BARAT,3202,KABUPATEN SUKABUMI,PEREMPUAN,0-5 TAHUN,0
36,2018,JAWA BARAT,3202,KABUPATEN SUKABUMI,PEREMPUAN,6-12 TAHUN,7
37,2018,JAWA BARAT,3202,KABUPATEN SUKABUMI,PEREMPUAN,13-17 TAHUN,12
38,2018,JAWA BARAT,3202,KABUPATEN SUKABUMI,PEREMPUAN,18-24 TAHUN,0
39,2018,JAWA BARAT,3202,KABUPATEN SUKABUMI,PEREMPUAN,25-44 TAHUN,10
40,2018,JAWA BARAT,3202,KABUPATEN SUKABUMI,PEREMPUAN,45-59 TAHUN,0
41,2018,JAWA BARAT,3202,KABUPATEN SUKABUMI,PEREMPUAN,60+ TAHUN,0
42,2021,JAWA BARAT,3202,KABUPATEN SUKABUMI,LAKI-LAKI,0-5 TAHUN,0
43,2021,JAWA BARAT,3202,KABUPATEN SUKABUMI,LAKI-LAKI,6-12 TAHUN,2
44,2021,JAWA BARAT,3202,KABUPATEN SUKABUMI,LAKI-LAKI,13-17 TAHUN,0
45,2021,JAWA BARAT,3202,KABUPATEN SUKABUMI,LAKI-LAKI,18-24 TAHUN,0
46,2021,JAWA BARAT,3202,KABUPATEN SUKABUMI,LAKI-LAKI,25-44 TAHUN,0
47,2021,JAWA BARAT,3202,KABUPATEN SUKABUMI,LAKI-LAKI,45-59 TAHUN,0
48,2021,JAWA BARAT,3202,KABUPATEN SUKABUMI,LAKI-LAKI,60+ TAHUN,0
49,2021,JAWA BARAT,3202,KABUPATEN SUKABUMI,PEREMPUAN,0-5 TAHUN,2
50,2021,JAWA BARAT,3202,KABUPATEN SUKABUMI,PEREMPUAN,6-12 TAHUN,3
51,2021,JAWA BARAT,3202,KABUPATEN SUKABUMI,PEREMPUAN,13-17 TAHUN,10
52,2021,JAWA BARAT,3202,KABUPATEN SUKABUMI,PEREMPUAN,18-24 TAHUN,6
53,2021,JAWA BARAT,3202,KABUPATEN SUKABUMI,PEREMPUAN,25-44 TAHUN,5
54,2021,JAWA BARAT,3202,KABUPATEN SUKABUMI,PEREMPUAN,45-59 TAHUN,0
55,2021,JAWA BARAT,3202,KABUPATEN SUKABUMI,PEREMPUAN,60+ TAHUN,0
56,2018,JAWA BARAT,3203,KABUPATEN CIANJUR,LAKI-LAKI,0-5 TAHUN,1
57,2018,JAWA BARAT,3203,KABUPATEN CIANJUR,LAKI-LAKI,6-12 TAHUN,3
58,2018,JAWA BARAT,3203,KABUPATEN CIANJUR,LAKI-LAKI,13-17 TAHUN,0
59,2018,JAWA BARAT,3203,KABUPATEN CIANJUR,LAKI-LAKI,18-24 TAHUN,0
60,2018,JAWA BARAT,3203,KABUPATEN CIANJUR,LAKI-LAKI,25-44 TAHUN,0
61,2018,JAWA BARAT,3203,KABUPATEN CIANJUR,LAKI-LAKI,45-59 TAHUN,0
62,2018,JAWA BARAT,3203,KABUPATEN CIANJUR,LAKI-LAKI,60+ TAHUN,0
63,2018,JAWA BARAT,3203,KABUPATEN CIANJUR,PEREMPUAN,0-5 TAHUN,0
64,2018,JAWA BARAT,3203,KABUPATEN CIANJUR,PEREMPUAN,6-12 TAHUN,0
65,2018,JAWA BARAT,3203,KABUPATEN CIANJUR,PEREMPUAN,13-17 TAHUN,0
66,2018,JAWA BARAT,3203,KABUPATEN CIANJUR,PEREMPUAN,18-24 TAHUN,0
67,2018,JAWA BARAT,3203,KABUPATEN CIANJUR,PEREMPUAN,25-44 TAHUN,0
68,2018,JAWA BARAT,3203,KABUPATEN CIANJUR,PEREMPUAN,45-59 TAHUN,0
69,2018,JAWA BARAT,3203,KABUPATEN CIANJUR,PEREMPUAN,60+ TAHUN,0
70,2021,JAWA BARAT,3203,KABUPATEN CIANJUR,LAKI-LAKI,0-5 TAHUN,0
71,2021,JAWA BARAT,3203,KABUPATEN CIANJUR,LAKI-LAKI,6-12 TAHUN,3
72,2021,JAWA BARAT,3203,KABUPATEN CIANJUR,LAKI-LAKI,13-17 TAHUN,1
73,2021,JAWA BARAT,3203,KABUPATEN CIANJUR,LAKI-LAKI,18-24 TAHUN,0
74,2021,JAWA BARAT,3203,KABUPATEN CIANJUR,LAKI-LAKI,25-44 TAHUN,0
75,2021,JAWA BARAT,3203,KABUPATEN CIANJUR,LAKI-LAKI,45-59 TAHUN,0
76,2021,JAWA BARAT,3203,KABUPATEN CIANJUR,LAKI-LAKI,60+ TAHUN,0
77,2021,JAWA BARAT,3203,KABUPATEN CIANJUR,PEREMPUAN,0-5 TAHUN,0
78,2021,JAWA BARAT,3203,KABUPATEN CIANJUR,PEREMPUAN,6-12 TAHUN,2
79,2021,JAWA BARAT,3203,KABUPATEN CIANJUR,PEREMPUAN,13-17 TAHUN,0
80,2021,JAWA BARAT,3203,KABUPATEN CIANJUR,PEREMPUAN,18-24 TAHUN,2
81,2021,JAWA BARAT,3203,KABUPATEN CIANJUR,PEREMPUAN,25-44 TAHUN,7
82,2021,JAWA BARAT,3203,KABUPATEN CIANJUR,PEREMPUAN,45-59 TAHUN,0
83,2021,JAWA BARAT,3203,KABUPATEN CIANJUR,PEREMPUAN,60+ TAHUN,0
84,2018,JAWA BARAT,3204,KABUPATEN BANDUNG,LAKI-LAKI,0-5 TAHUN,0
85,2018,JAWA BARAT,3204,KABUPATEN BANDUNG,PEREMPUAN,13-17 TAHUN,10
86,2018,JAWA BARAT,3204,KABUPATEN BANDUNG,PEREMPUAN,18-24 TAHUN,3
87,2018,JAWA BARAT,3204,KABUPATEN BANDUNG,PEREMPUAN,25-44 TAHUN,3
88,2018,JAWA BARAT,3204,KABUPATEN BANDUNG,PEREMPUAN,45-59 TAHUN,1
89,2018,JAWA BARAT,3204,KABUPATEN BANDUNG,PEREMPUAN,60+ TAHUN,0
90,2018,JAWA BARAT,3204,KABUPATEN BANDUNG,LAKI-LAKI,6-12 TAHUN,3
91,2018,JAWA BARAT,3204,KABUPATEN BANDUNG,LAKI-LAKI,13-17 TAHUN,6
92,2018,JAWA BARAT,3204,KABUPATEN BANDUNG,LAKI-LAKI,18-24 TAHUN,1
93,2018,JAWA BARAT,3204,KABUPATEN BANDUNG,LAKI-LAKI,25-44 TAHUN,0
94,2018,JAWA BARAT,3204,KABUPATEN BANDUNG,LAKI-LAKI,45-59 TAHUN,0
95,2018,JAWA BARAT,3204,KABUPATEN BANDUNG,LAKI-LAKI,60+ TAHUN,0
96,2018,JAWA BARAT,3204,KABUPATEN BANDUNG,PEREMPUAN,0-5 TAHUN,8
97,2018,JAWA BARAT,3204,KABUPATEN BANDUNG,PEREMPUAN,6-12 TAHUN,17
98,2021,JAWA BARAT,3204,KABUPATEN BANDUNG,LAKI-LAKI,0-5 TAHUN,0
99,2021,JAWA BARAT,3204,KABUPATEN BANDUNG,LAKI-LAKI,6-12 TAHUN,2
100,2021,JAWA BARAT,3204,KABUPATEN BANDUNG,LAKI-LAKI,13-17 TAHUN,1
101,2021,JAWA BARAT,3204,KABUPATEN BANDUNG,LAKI-LAKI,18-24 TAHUN,0
102,2021,JAWA BARAT,3204,KABUPATEN BANDUNG,LAKI-LAKI,25-44 TAHUN,0
103,2021,JAWA BARAT,3204,KABUPATEN BANDUNG,LAKI-LAKI,45-59 TAHUN,0
104,2021,JAWA BARAT,3204,KABUPATEN BANDUNG,LAKI-LAKI,60+ TAHUN,0
105,2021,JAWA BARAT,3204,KABUPATEN BANDUNG,PEREMPUAN,0-5 TAHUN,2
106,2021,JAWA BARAT,3204,KABUPATEN BANDUNG,PEREMPUAN,6-12 TAHUN,8
107,2021,JAWA BARAT,3204,KABUPATEN BANDUNG,PEREMPUAN,13-17 TAHUN,12
108,2021,JAWA BARAT,3204,KABUPATEN BANDUNG,PEREMPUAN,18-24 TAHUN,9
109,2021,JAWA BARAT,3204,KABUPATEN BANDUNG,PEREMPUAN,25-44 TAHUN,7
110,2021,JAWA BARAT,3204,KABUPATEN BANDUNG,PEREMPUAN,45-59 TAHUN,2
111,2021,JAWA BARAT,3204,KABUPATEN BANDUNG,PEREMPUAN,60+ TAHUN,0
112,2018,JAWA BARAT,3205,KABUPATEN GARUT,LAKI-LAKI,6-12 TAHUN,0
113,2018,JAWA BARAT,3205,KABUPATEN GARUT,LAKI-LAKI,13-17 TAHUN,0
114,2018,JAWA BARAT,3205,KABUPATEN GARUT,LAKI-LAKI,18-24 TAHUN,0
115,2018,JAWA BARAT,3205,KABUPATEN GARUT,LAKI-LAKI,25-44 TAHUN,0
116,2018,JAWA BARAT,3205,KABUPATEN GARUT,LAKI-LAKI,45-59 TAHUN,0
117,2018,JAWA BARAT,3205,KABUPATEN GARUT,LAKI-LAKI,60+ TAHUN,0
118,2018,JAWA BARAT,3205,KABUPATEN GARUT,PEREMPUAN,0-5 TAHUN,0
119,2018,JAWA BARAT,3205,KABUPATEN GARUT,PEREMPUAN,6-12 TAHUN,1
120,2018,JAWA BARAT,3205,KABUPATEN GARUT,PEREMPUAN,13-17 TAHUN,1
121,2018,JAWA BARAT,3205,KABUPATEN GARUT,PEREMPUAN,18-24 TAHUN,0
122,2018,JAWA BARAT,3205,KABUPATEN GARUT,PEREMPUAN,25-44 TAHUN,0
123,2018,JAWA BARAT,3205,KABUPATEN GARUT,PEREMPUAN,45-59 TAHUN,0
124,2018,JAWA BARAT,3205,KABUPATEN GARUT,PEREMPUAN,60+ TAHUN,0
125,2018,JAWA BARAT,3205,KABUPATEN GARUT,LAKI-LAKI,0-5 TAHUN,2
126,2021,JAWA BARAT,3205,KABUPATEN GARUT,LAKI-LAKI,0-5 TAHUN,0
127,2021,JAWA BARAT,3205,KABUPATEN GARUT,LAKI-LAKI,6-12 TAHUN,0
128,2021,JAWA BARAT,3205,KABUPATEN GARUT,LAKI-LAKI,13-17 TAHUN,0
129,2021,JAWA BARAT,3205,KABUPATEN GARUT,LAKI-LAKI,18-24 TAHUN,0
130,2021,JAWA BARAT,3205,KABUPATEN GARUT,LAKI-LAKI,25-44 TAHUN,0
131,2021,JAWA BARAT,3205,KABUPATEN GARUT,LAKI-LAKI,45-59 TAHUN,0
132,2021,JAWA BARAT,3205,KABUPATEN GARUT,LAKI-LAKI,60+ TAHUN,0
133,2021,JAWA BARAT,3205,KABUPATEN GARUT,PEREMPUAN,0-5 TAHUN,0
134,2021,JAWA BARAT,3205,KABUPATEN GARUT,PEREMPUAN,6-12 TAHUN,0
135,2021,JAWA BARAT,3205,KABUPATEN GARUT,PEREMPUAN,13-17 TAHUN,4
136,2021,JAWA BARAT,3205,KABUPATEN GARUT,PEREMPUAN,18-24 TAHUN,1
137,2021,JAWA BARAT,3205,KABUPATEN GARUT,PEREMPUAN,25-44 TAHUN,0
138,2021,JAWA BARAT,3205,KABUPATEN GARUT,PEREMPUAN,45-59 TAHUN,1
139,2021,JAWA BARAT,3205,KABUPATEN GARUT,PEREMPUAN,60+ TAHUN,0
140,2018,JAWA BARAT,3206,KABUPATEN TASIKMALAYA,LAKI-LAKI,0-5 TAHUN,2
141,2018,JAWA BARAT,3206,KABUPATEN TASIKMALAYA,LAKI-LAKI,6-12 TAHUN,1
142,2018,JAWA BARAT,3206,KABUPATEN TASIKMALAYA,LAKI-LAKI,13-17 TAHUN,0
143,2018,JAWA BARAT,3206,KABUPATEN TASIKMALAYA,LAKI-LAKI,18-24 TAHUN,1
144,2018,JAWA BARAT,3206,KABUPATEN TASIKMALAYA,LAKI-LAKI,25-44 TAHUN,0
145,2018,JAWA BARAT,3206,KABUPATEN TASIKMALAYA,LAKI-LAKI,45-59 TAHUN,0
146,2018,JAWA BARAT,3206,KABUPATEN TASIKMALAYA,LAKI-LAKI,60+ TAHUN,0
147,2018,JAWA BARAT,3206,KABUPATEN TASIKMALAYA,PEREMPUAN,0-5 TAHUN,1
148,2018,JAWA BARAT,3206,KABUPATEN TASIKMALAYA,PEREMPUAN,6-12 TAHUN,4
149,2018,JAWA BARAT,3206,KABUPATEN TASIKMALAYA,PEREMPUAN,13-17 TAHUN,8
150,2018,JAWA BARAT,3206,KABUPATEN TASIKMALAYA,PEREMPUAN,18-24 TAHUN,5
151,2018,JAWA BARAT,3206,KABUPATEN TASIKMALAYA,PEREMPUAN,25-44 TAHUN,1
152,2018,JAWA BARAT,3206,KABUPATEN TASIKMALAYA,PEREMPUAN,45-59 TAHUN,0
153,2018,JAWA BARAT,3206,KABUPATEN TASIKMALAYA,PEREMPUAN,60+ TAHUN,0
154,2021,JAWA BARAT,3206,KABUPATEN TASIKMALAYA,LAKI-LAKI,0-5 TAHUN,1
155,2021,JAWA BARAT,3206,KABUPATEN TASIKMALAYA,LAKI-LAKI,6-12 TAHUN,2
156,2021,JAWA BARAT,3206,KABUPATEN TASIKMALAYA,LAKI-LAKI,13-17 TAHUN,9
157,2021,JAWA BARAT,3206,KABUPATEN TASIKMALAYA,LAKI-LAKI,18-24 TAHUN,1
158,2021,JAWA BARAT,3206,KABUPATEN TASIKMALAYA,LAKI-LAKI,25-44 TAHUN,1
159,2021,JAWA BARAT,3206,KABUPATEN TASIKMALAYA,LAKI-LAKI,45-59 TAHUN,0
160,2021,JAWA BARAT,3206,KABUPATEN TASIKMALAYA,LAKI-LAKI,60+ TAHUN,0
161,2021,JAWA BARAT,3206,KABUPATEN TASIKMALAYA,PEREMPUAN,0-5 TAHUN,1
162,2021,JAWA BARAT,3206,KABUPATEN TASIKMALAYA,PEREMPUAN,6-12 TAHUN,5
163,2021,JAWA BARAT,3206,KABUPATEN TASIKMALAYA,PEREMPUAN,13-17 TAHUN,16
164,2021,JAWA BARAT,3206,KABUPATEN TASIKMALAYA,PEREMPUAN,18-24 TAHUN,0
165,2021,JAWA BARAT,3206,KABUPATEN TASIKMALAYA,PEREMPUAN,25-44 TAHUN,7
166,2021,JAWA BARAT,3206,KABUPATEN TASIKMALAYA,PEREMPUAN,45-59 TAHUN,0
167,2021,JAWA BARAT,3206,KABUPATEN TASIKMALAYA,PEREMPUAN,60+ TAHUN,0
168,2018,JAWA BARAT,3207,KABUPATEN CIAMIS,LAKI-LAKI,0-5 TAHUN,0
169,2018,JAWA BARAT,3207,KABUPATEN CIAMIS,LAKI-LAKI,6-12 TAHUN,0
170,2018,JAWA BARAT,3207,KABUPATEN CIAMIS,LAKI-LAKI,13-17 TAHUN,0
171,2018,JAWA BARAT,3207,KABUPATEN CIAMIS,LAKI-LAKI,18-24 TAHUN,0
172,2018,JAWA BARAT,3207,KABUPATEN CIAMIS,LAKI-LAKI,25-44 TAHUN,0
173,2018,JAWA BARAT,3207,KABUPATEN CIAMIS,LAKI-LAKI,45-59 TAHUN,0
174,2018,JAWA BARAT,3207,KABUPATEN CIAMIS,LAKI-LAKI,60+ TAHUN,0
175,2018,JAWA BARAT,3207,KABUPATEN CIAMIS,PEREMPUAN,0-5 TAHUN,0
176,2018,JAWA BARAT,3207,KABUPATEN CIAMIS,PEREMPUAN,6-12 TAHUN,1
177,2018,JAWA BARAT,3207,KABUPATEN CIAMIS,PEREMPUAN,13-17 TAHUN,0
178,2018,JAWA BARAT,3207,KABUPATEN CIAMIS,PEREMPUAN,18-24 TAHUN,1
179,2018,JAWA BARAT,3207,KABUPATEN CIAMIS,PEREMPUAN,25-44 TAHUN,2
180,2018,JAWA BARAT,3207,KABUPATEN CIAMIS,PEREMPUAN,45-59 TAHUN,1
181,2018,JAWA BARAT,3207,KABUPATEN CIAMIS,PEREMPUAN,60+ TAHUN,0
182,2021,JAWA BARAT,3207,KABUPATEN CIAMIS,LAKI-LAKI,0-5 TAHUN,0
183,2021,JAWA BARAT,3207,KABUPATEN CIAMIS,LAKI-LAKI,6-12 TAHUN,0
184,2021,JAWA BARAT,3207,KABUPATEN CIAMIS,LAKI-LAKI,13-17 TAHUN,1
185,2021,JAWA BARAT,3207,KABUPATEN CIAMIS,LAKI-LAKI,18-24 TAHUN,0
186,2021,JAWA BARAT,3207,KABUPATEN CIAMIS,LAKI-LAKI,25-44 TAHUN,0
187,2021,JAWA BARAT,3207,KABUPATEN CIAMIS,LAKI-LAKI,45-59 TAHUN,0
188,2021,JAWA BARAT,3207,KABUPATEN CIAMIS,LAKI-LAKI,60+ TAHUN,0
189,2021,JAWA BARAT,3207,KABUPATEN CIAMIS,PEREMPUAN,0-5 TAHUN,0
190,2021,JAWA BARAT,3207,KABUPATEN CIAMIS,PEREMPUAN,6-12 TAHUN,0
191,2021,JAWA BARAT,3207,KABUPATEN CIAMIS,PEREMPUAN,13-17 TAHUN,0
192,2021,JAWA BARAT,3207,KABUPATEN CIAMIS,PEREMPUAN,18-24 TAHUN,0
193,2021,JAWA BARAT,3207,KABUPATEN CIAMIS,PEREMPUAN,25-44 TAHUN,0
194,2021,JAWA BARAT,3207,KABUPATEN CIAMIS,PEREMPUAN,45-59 TAHUN,0
195,2021,JAWA BARAT,3207,KABUPATEN CIAMIS,PEREMPUAN,60+ TAHUN,0
196,2018,JAWA BARAT,3208,KABUPATEN KUNINGAN,LAKI-LAKI,0-5 TAHUN,0
197,2018,JAWA BARAT,3208,KABUPATEN KUNINGAN,LAKI-LAKI,6-12 TAHUN,0
198,2018,JAWA BARAT,3208,KABUPATEN KUNINGAN,LAKI-LAKI,13-17 TAHUN,5
199,2018,JAWA BARAT,3208,KABUPATEN KUNINGAN,LAKI-LAKI,18-24 TAHUN,0
200,2018,JAWA BARAT,3208,KABUPATEN KUNINGAN,LAKI-LAKI,25-44 TAHUN,0
201,2018,JAWA BARAT,3208,KABUPATEN KUNINGAN,LAKI-LAKI,45-59 TAHUN,0
202,2018,JAWA BARAT,3208,KABUPATEN KUNINGAN,LAKI-LAKI,60+ TAHUN,0
203,2018,JAWA BARAT,3208,KABUPATEN KUNINGAN,PEREMPUAN,0-5 TAHUN,0
204,2018,JAWA BARAT,3208,KABUPATEN KUNINGAN,PEREMPUAN,6-12 TAHUN,4
205,2018,JAWA BARAT,3208,KABUPATEN KUNINGAN,PEREMPUAN,13-17 TAHUN,7
206,2018,JAWA BARAT,3208,KABUPATEN KUNINGAN,PEREMPUAN,18-24 TAHUN,0
207,2018,JAWA BARAT,3208,KABUPATEN KUNINGAN,PEREMPUAN,25-44 TAHUN,0
208,2018,JAWA BARAT,3208,KABUPATEN KUNINGAN,PEREMPUAN,45-59 TAHUN,0
209,2018,JAWA BARAT,3208,KABUPATEN KUNINGAN,PEREMPUAN,60+ TAHUN,0
210,2021,JAWA BARAT,3208,KABUPATEN KUNINGAN,LAKI-LAKI,0-5 TAHUN,0
211,2021,JAWA BARAT,3208,KABUPATEN KUNINGAN,LAKI-LAKI,6-12 TAHUN,0
212,2021,JAWA BARAT,3208,KABUPATEN KUNINGAN,LAKI-LAKI,13-17 TAHUN,0
213,2021,JAWA BARAT,3208,KABUPATEN KUNINGAN,LAKI-LAKI,18-24 TAHUN,0
214,2021,JAWA BARAT,3208,KABUPATEN KUNINGAN,LAKI-LAKI,25-44 TAHUN,0
215,2021,JAWA BARAT,3208,KABUPATEN KUNINGAN,LAKI-LAKI,45-59 TAHUN,0
216,2021,JAWA BARAT,3208,KABUPATEN KUNINGAN,LAKI-LAKI,60+ TAHUN,0
217,2021,JAWA BARAT,3208,KABUPATEN KUNINGAN,PEREMPUAN,0-5 TAHUN,0
218,2021,JAWA BARAT,3208,KABUPATEN KUNINGAN,PEREMPUAN,6-12 TAHUN,0
219,2021,JAWA BARAT,3208,KABUPATEN KUNINGAN,PEREMPUAN,13-17 TAHUN,0
220,2021,JAWA BARAT,3208,KABUPATEN KUNINGAN,PEREMPUAN,18-24 TAHUN,0
221,2021,JAWA BARAT,3208,KABUPATEN KUNINGAN,PEREMPUAN,25-44 TAHUN,0
222,2021,JAWA BARAT,3208,KABUPATEN KUNINGAN,PEREMPUAN,45-59 TAHUN,0
223,2021,JAWA BARAT,3208,KABUPATEN KUNINGAN,PEREMPUAN,60+ TAHUN,0
224,2018,JAWA BARAT,3209,KABUPATEN CIREBON,LAKI-LAKI,0-5 TAHUN,1
225,2018,JAWA BARAT,3209,KABUPATEN CIREBON,LAKI-LAKI,6-12 TAHUN,0
226,2018,JAWA BARAT,3209,KABUPATEN CIREBON,LAKI-LAKI,13-17 TAHUN,1
227,2018,JAWA BARAT,3209,KABUPATEN CIREBON,LAKI-LAKI,18-24 TAHUN,0
228,2018,JAWA BARAT,3209,KABUPATEN CIREBON,LAKI-LAKI,25-44 TAHUN,0
229,2018,JAWA BARAT,3209,KABUPATEN CIREBON,LAKI-LAKI,45-59 TAHUN,0
230,2018,JAWA BARAT,3209,KABUPATEN CIREBON,LAKI-LAKI,60+ TAHUN,0
231,2018,JAWA BARAT,3209,KABUPATEN CIREBON,PEREMPUAN,0-5 TAHUN,1
232,2018,JAWA BARAT,3209,KABUPATEN CIREBON,PEREMPUAN,6-12 TAHUN,6
233,2018,JAWA BARAT,3209,KABUPATEN CIREBON,PEREMPUAN,13-17 TAHUN,5
234,2018,JAWA BARAT,3209,KABUPATEN CIREBON,PEREMPUAN,18-24 TAHUN,2
235,2018,JAWA BARAT,3209,KABUPATEN CIREBON,PEREMPUAN,25-44 TAHUN,1
236,2018,JAWA BARAT,3209,KABUPATEN CIREBON,PEREMPUAN,45-59 TAHUN,0
237,2018,JAWA BARAT,3209,KABUPATEN CIREBON,PEREMPUAN,60+ TAHUN,0
238,2021,JAWA BARAT,3209,KABUPATEN CIREBON,LAKI-LAKI,0-5 TAHUN,1
239,2021,JAWA BARAT,3209,KABUPATEN CIREBON,LAKI-LAKI,6-12 TAHUN,1
240,2021,JAWA BARAT,3209,KABUPATEN CIREBON,LAKI-LAKI,13-17 TAHUN,0
241,2021,JAWA BARAT,3209,KABUPATEN CIREBON,LAKI-LAKI,18-24 TAHUN,0
242,2021,JAWA BARAT,3209,KABUPATEN CIREBON,LAKI-LAKI,25-44 TAHUN,0
243,2021,JAWA BARAT,3209,KABUPATEN CIREBON,LAKI-LAKI,45-59 TAHUN,0
244,2021,JAWA BARAT,3209,KABUPATEN CIREBON,LAKI-LAKI,60+ TAHUN,0
245,2021,JAWA BARAT,3209,KABUPATEN CIREBON,PEREMPUAN,0-5 TAHUN,1
246,2021,JAWA BARAT,3209,KABUPATEN CIREBON,PEREMPUAN,6-12 TAHUN,1
247,2021,JAWA BARAT,3209,KABUPATEN CIREBON,PEREMPUAN,13-17 TAHUN,1
248,2021,JAWA BARAT,3209,KABUPATEN CIREBON,PEREMPUAN,18-24 TAHUN,1
249,2021,JAWA BARAT,3209,KABUPATEN CIREBON,PEREMPUAN,25-44 TAHUN,1
250,2021,JAWA BARAT,3209,KABUPATEN CIREBON,PEREMPUAN,45-59 TAHUN,0
251,2021,JAWA BARAT,3209,KABUPATEN CIREBON,PEREMPUAN,60+ TAHUN,0
252,2018,JAWA BARAT,3210,KABUPATEN MAJALENGKA,LAKI-LAKI,0-5 TAHUN,0
253,2018,JAWA BARAT,3210,KABUPATEN MAJALENGKA,LAKI-LAKI,6-12 TAHUN,1
254,2018,JAWA BARAT,3210,KABUPATEN MAJALENGKA,LAKI-LAKI,13-17 TAHUN,2
255,2018,JAWA BARAT,3210,KABUPATEN MAJALENGKA,LAKI-LAKI,18-24 TAHUN,0
256,2018,JAWA BARAT,3210,KABUPATEN MAJALENGKA,LAKI-LAKI,25-44 TAHUN,0
257,2018,JAWA BARAT,3210,KABUPATEN MAJALENGKA,LAKI-LAKI,45-59 TAHUN,0
258,2018,JAWA BARAT,3210,KABUPATEN MAJALENGKA,LAKI-LAKI,60+ TAHUN,0
259,2018,JAWA BARAT,3210,KABUPATEN MAJALENGKA,PEREMPUAN,0-5 TAHUN,1
260,2018,JAWA BARAT,3210,KABUPATEN MAJALENGKA,PEREMPUAN,6-12 TAHUN,0
261,2018,JAWA BARAT,3210,KABUPATEN MAJALENGKA,PEREMPUAN,13-17 TAHUN,7
262,2018,JAWA BARAT,3210,KABUPATEN MAJALENGKA,PEREMPUAN,18-24 TAHUN,0
263,2018,JAWA BARAT,3210,KABUPATEN MAJALENGKA,PEREMPUAN,25-44 TAHUN,1
264,2018,JAWA BARAT,3210,KABUPATEN MAJALENGKA,PEREMPUAN,45-59 TAHUN,0
265,2018,JAWA BARAT,3210,KABUPATEN MAJALENGKA,PEREMPUAN,60+ TAHUN,0
266,2021,JAWA BARAT,3210,KABUPATEN MAJALENGKA,LAKI-LAKI,0-5 TAHUN,0
267,2021,JAWA BARAT,3210,KABUPATEN MAJALENGKA,LAKI-LAKI,6-12 TAHUN,0
268,2021,JAWA BARAT,3210,KABUPATEN MAJALENGKA,LAKI-LAKI,13-17 TAHUN,0
269,2021,JAWA BARAT,3210,KABUPATEN MAJALENGKA,LAKI-LAKI,18-24 TAHUN,0
270,2021,JAWA BARAT,3210,KABUPATEN MAJALENGKA,LAKI-LAKI,25-44 TAHUN,0
271,2021,JAWA BARAT,3210,KABUPATEN MAJALENGKA,LAKI-LAKI,45-59 TAHUN,0
272,2021,JAWA BARAT,3210,KABUPATEN MAJALENGKA,LAKI-LAKI,60+ TAHUN,0
273,2021,JAWA BARAT,3210,KABUPATEN MAJALENGKA,PEREMPUAN,0-5 TAHUN,0
274,2021,JAWA BARAT,3210,KABUPATEN MAJALENGKA,PEREMPUAN,6-12 TAHUN,1
275,2021,JAWA BARAT,3210,KABUPATEN MAJALENGKA,PEREMPUAN,13-17 TAHUN,4
276,2021,JAWA BARAT,3210,KABUPATEN MAJALENGKA,PEREMPUAN,18-24 TAHUN,0
277,2021,JAWA BARAT,3210,KABUPATEN MAJALENGKA,PEREMPUAN,25-44 TAHUN,0
278,2021,JAWA BARAT,3210,KABUPATEN MAJALENGKA,PEREMPUAN,45-59 TAHUN,0
279,2021,JAWA BARAT,3210,KABUPATEN MAJALENGKA,PEREMPUAN,60+ TAHUN,0
280,2018,JAWA BARAT,3211,KABUPATEN SUMEDANG,LAKI-LAKI,0-5 TAHUN,0
281,2018,JAWA BARAT,3211,KABUPATEN SUMEDANG,LAKI-LAKI,6-12 TAHUN,1
282,2018,JAWA BARAT,3211,KABUPATEN SUMEDANG,LAKI-LAKI,13-17 TAHUN,1
283,2018,JAWA BARAT,3211,KABUPATEN SUMEDANG,LAKI-LAKI,18-24 TAHUN,0
284,2018,JAWA BARAT,3211,KABUPATEN SUMEDANG,LAKI-LAKI,25-44 TAHUN,0
285,2018,JAWA BARAT,3211,KABUPATEN SUMEDANG,LAKI-LAKI,45-59 TAHUN,0
286,2018,JAWA BARAT,3211,KABUPATEN SUMEDANG,LAKI-LAKI,60+ TAHUN,0
287,2018,JAWA BARAT,3211,KABUPATEN SUMEDANG,PEREMPUAN,0-5 TAHUN,0
288,2018,JAWA BARAT,3211,KABUPATEN SUMEDANG,PEREMPUAN,6-12 TAHUN,1
289,2018,JAWA BARAT,3211,KABUPATEN SUMEDANG,PEREMPUAN,13-17 TAHUN,4
290,2018,JAWA BARAT,3211,KABUPATEN SUMEDANG,PEREMPUAN,18-24 TAHUN,0
291,2018,JAWA BARAT,3211,KABUPATEN SUMEDANG,PEREMPUAN,25-44 TAHUN,3
292,2018,JAWA BARAT,3211,KABUPATEN SUMEDANG,PEREMPUAN,45-59 TAHUN,4
293,2018,JAWA BARAT,3211,KABUPATEN SUMEDANG,PEREMPUAN,60+ TAHUN,0
294,2021,JAWA BARAT,3211,KABUPATEN SUMEDANG,LAKI-LAKI,0-5 TAHUN,0
295,2021,JAWA BARAT,3211,KABUPATEN SUMEDANG,LAKI-LAKI,6-12 TAHUN,0
296,2021,JAWA BARAT,3211,KABUPATEN SUMEDANG,LAKI-LAKI,13-17 TAHUN,0
297,2021,JAWA BARAT,3211,KABUPATEN SUMEDANG,LAKI-LAKI,18-24 TAHUN,0
298,2021,JAWA BARAT,3211,KABUPATEN SUMEDANG,LAKI-LAKI,25-44 TAHUN,0
299,2021,JAWA BARAT,3211,KABUPATEN SUMEDANG,LAKI-LAKI,45-59 TAHUN,0
300,2021,JAWA BARAT,3211,KABUPATEN SUMEDANG,LAKI-LAKI,60+ TAHUN,0
301,2021,JAWA BARAT,3211,KABUPATEN SUMEDANG,PEREMPUAN,0-5 TAHUN,0
302,2021,JAWA BARAT,3211,KABUPATEN SUMEDANG,PEREMPUAN,6-12 TAHUN,0
303,2021,JAWA BARAT,3211,KABUPATEN SUMEDANG,PEREMPUAN,13-17 TAHUN,0
304,2021,JAWA BARAT,3211,KABUPATEN SUMEDANG,PEREMPUAN,18-24 TAHUN,1
305,2021,JAWA BARAT,3211,KABUPATEN SUMEDANG,PEREMPUAN,25-44 TAHUN,0
306,2021,JAWA BARAT,3211,KABUPATEN SUMEDANG,PEREMPUAN,45-59 TAHUN,0
307,2021,JAWA BARAT,3211,KABUPATEN SUMEDANG,PEREMPUAN,60+ TAHUN,0
308,2018,JAWA BARAT,3212,KABUPATEN INDRAMAYU,LAKI-LAKI,0-5 TAHUN,0
309,2018,JAWA BARAT,3212,KABUPATEN INDRAMAYU,LAKI-LAKI,6-12 TAHUN,1
310,2018,JAWA BARAT,3212,KABUPATEN INDRAMAYU,LAKI-LAKI,13-17 TAHUN,0
311,2018,JAWA BARAT,3212,KABUPATEN INDRAMAYU,LAKI-LAKI,18-24 TAHUN,0
312,2018,JAWA BARAT,3212,KABUPATEN INDRAMAYU,LAKI-LAKI,25-44 TAHUN,0
313,2018,JAWA BARAT,3212,KABUPATEN INDRAMAYU,LAKI-LAKI,45-59 TAHUN,0
314,2018,JAWA BARAT,3212,KABUPATEN INDRAMAYU,LAKI-LAKI,60+ TAHUN,0
315,2018,JAWA BARAT,3212,KABUPATEN INDRAMAYU,PEREMPUAN,0-5 TAHUN,1
316,2018,JAWA BARAT,3212,KABUPATEN INDRAMAYU,PEREMPUAN,6-12 TAHUN,0
317,2018,JAWA BARAT,3212,KABUPATEN INDRAMAYU,PEREMPUAN,13-17 TAHUN,2
318,2018,JAWA BARAT,3212,KABUPATEN INDRAMAYU,PEREMPUAN,18-24 TAHUN,0
319,2018,JAWA BARAT,3212,KABUPATEN INDRAMAYU,PEREMPUAN,25-44 TAHUN,1
320,2018,JAWA BARAT,3212,KABUPATEN INDRAMAYU,PEREMPUAN,45-59 TAHUN,0
321,2018,JAWA BARAT,3212,KABUPATEN INDRAMAYU,PEREMPUAN,60+ TAHUN,0
322,2021,JAWA BARAT,3212,KABUPATEN INDRAMAYU,LAKI-LAKI,0-5 TAHUN,0
323,2021,JAWA BARAT,3212,KABUPATEN INDRAMAYU,LAKI-LAKI,6-12 TAHUN,1
324,2021,JAWA BARAT,3212,KABUPATEN INDRAMAYU,LAKI-LAKI,13-17 TAHUN,1
325,2021,JAWA BARAT,3212,KABUPATEN INDRAMAYU,LAKI-LAKI,18-24 TAHUN,0
326,2021,JAWA BARAT,3212,KABUPATEN INDRAMAYU,LAKI-LAKI,25-44 TAHUN,0
327,2021,JAWA BARAT,3212,KABUPATEN INDRAMAYU,LAKI-LAKI,45-59 TAHUN,0
328,2021,JAWA BARAT,3212,KABUPATEN INDRAMAYU,LAKI-LAKI,60+ TAHUN,0
329,2021,JAWA BARAT,3212,KABUPATEN INDRAMAYU,PEREMPUAN,0-5 TAHUN,0
330,2021,JAWA BARAT,3212,KABUPATEN INDRAMAYU,PEREMPUAN,6-12 TAHUN,1
331,2021,JAWA BARAT,3212,KABUPATEN INDRAMAYU,PEREMPUAN,13-17 TAHUN,4
332,2021,JAWA BARAT,3212,KABUPATEN INDRAMAYU,PEREMPUAN,18-24 TAHUN,2
333,2021,JAWA BARAT,3212,KABUPATEN INDRAMAYU,PEREMPUAN,25-44 TAHUN,0
334,2021,JAWA BARAT,3212,KABUPATEN INDRAMAYU,PEREMPUAN,45-59 TAHUN,0
335,2021,JAWA BARAT,3212,KABUPATEN INDRAMAYU,PEREMPUAN,60+ TAHUN,0
336,2018,JAWA BARAT,3213,KABUPATEN SUBANG,LAKI-LAKI,0-5 TAHUN,0
337,2018,JAWA BARAT,3213,KABUPATEN SUBANG,LAKI-LAKI,6-12 TAHUN,4
338,2018,JAWA BARAT,3213,KABUPATEN SUBANG,LAKI-LAKI,13-17 TAHUN,5
339,2018,JAWA BARAT,3213,KABUPATEN SUBANG,LAKI-LAKI,18-24 TAHUN,0
340,2018,JAWA BARAT,3213,KABUPATEN SUBANG,LAKI-LAKI,25-44 TAHUN,0
341,2018,JAWA BARAT,3213,KABUPATEN SUBANG,LAKI-LAKI,45-59 TAHUN,0
342,2018,JAWA BARAT,3213,KABUPATEN SUBANG,LAKI-LAKI,60+ TAHUN,0
343,2018,JAWA BARAT,3213,KABUPATEN SUBANG,PEREMPUAN,0-5 TAHUN,3
344,2018,JAWA BARAT,3213,KABUPATEN SUBANG,PEREMPUAN,6-12 TAHUN,8
345,2018,JAWA BARAT,3213,KABUPATEN SUBANG,PEREMPUAN,13-17 TAHUN,11
346,2018,JAWA BARAT,3213,KABUPATEN SUBANG,PEREMPUAN,18-24 TAHUN,11
347,2018,JAWA BARAT,3213,KABUPATEN SUBANG,PEREMPUAN,25-44 TAHUN,7
348,2018,JAWA BARAT,3213,KABUPATEN SUBANG,PEREMPUAN,45-59 TAHUN,0
349,2018,JAWA BARAT,3213,KABUPATEN SUBANG,PEREMPUAN,60+ TAHUN,0
350,2021,JAWA BARAT,3213,KABUPATEN SUBANG,LAKI-LAKI,0-5 TAHUN,0
351,2021,JAWA BARAT,3213,KABUPATEN SUBANG,LAKI-LAKI,6-12 TAHUN,0
352,2021,JAWA BARAT,3213,KABUPATEN SUBANG,LAKI-LAKI,13-17 TAHUN,0
353,2021,JAWA BARAT,3213,KABUPATEN SUBANG,LAKI-LAKI,18-24 TAHUN,0
354,2021,JAWA BARAT,3213,KABUPATEN SUBANG,LAKI-LAKI,25-44 TAHUN,0
355,2021,JAWA BARAT,3213,KABUPATEN SUBANG,LAKI-LAKI,45-59 TAHUN,0
356,2021,JAWA BARAT,3213,KABUPATEN SUBANG,LAKI-LAKI,60+ TAHUN,0
357,2021,JAWA BARAT,3213,KABUPATEN SUBANG,PEREMPUAN,0-5 TAHUN,0
358,2021,JAWA BARAT,3213,KABUPATEN SUBANG,PEREMPUAN,6-12 TAHUN,0
359,2021,JAWA BARAT,3213,KABUPATEN SUBANG,PEREMPUAN,13-17 TAHUN,0
360,2021,JAWA BARAT,3213,KABUPATEN SUBANG,PEREMPUAN,18-24 TAHUN,0
361,2021,JAWA BARAT,3213,KABUPATEN SUBANG,PEREMPUAN,25-44 TAHUN,0
362,2021,JAWA BARAT,3213,KABUPATEN SUBANG,PEREMPUAN,45-59 TAHUN,0
363,2021,JAWA BARAT,3213,KABUPATEN SUBANG,PEREMPUAN,60+ TAHUN,0
364,2018,JAWA BARAT,3214,KABUPATEN PURWAKARTA,LAKI-LAKI,0-5 TAHUN,0
365,2018,JAWA BARAT,3214,KABUPATEN PURWAKARTA,LAKI-LAKI,6-12 TAHUN,0
366,2018,JAWA BARAT,3214,KABUPATEN PURWAKARTA,LAKI-LAKI,13-17 TAHUN,2
367,2018,JAWA BARAT,3214,KABUPATEN PURWAKARTA,LAKI-LAKI,18-24 TAHUN,0
368,2018,JAWA BARAT,3214,KABUPATEN PURWAKARTA,LAKI-LAKI,25-44 TAHUN,1
369,2018,JAWA BARAT,3214,KABUPATEN PURWAKARTA,LAKI-LAKI,45-59 TAHUN,0
370,2018,JAWA BARAT,3214,KABUPATEN PURWAKARTA,LAKI-LAKI,60+ TAHUN,0
371,2018,JAWA BARAT,3214,KABUPATEN PURWAKARTA,PEREMPUAN,0-5 TAHUN,0
372,2018,JAWA BARAT,3214,KABUPATEN PURWAKARTA,PEREMPUAN,6-12 TAHUN,2
373,2018,JAWA BARAT,3214,KABUPATEN PURWAKARTA,PEREMPUAN,13-17 TAHUN,5
374,2018,JAWA BARAT,3214,KABUPATEN PURWAKARTA,PEREMPUAN,18-24 TAHUN,4
375,2018,JAWA BARAT,3214,KABUPATEN PURWAKARTA,PEREMPUAN,25-44 TAHUN,3
376,2018,JAWA BARAT,3214,KABUPATEN PURWAKARTA,PEREMPUAN,45-59 TAHUN,0
377,2018,JAWA BARAT,3214,KABUPATEN PURWAKARTA,PEREMPUAN,60+ TAHUN,0
378,2021,JAWA BARAT,3214,KABUPATEN PURWAKARTA,LAKI-LAKI,0-5 TAHUN,0
379,2021,JAWA BARAT,3214,KABUPATEN PURWAKARTA,LAKI-LAKI,6-12 TAHUN,0
380,2021,JAWA BARAT,3214,KABUPATEN PURWAKARTA,LAKI-LAKI,13-17 TAHUN,0
381,2021,JAWA BARAT,3214,KABUPATEN PURWAKARTA,LAKI-LAKI,18-24 TAHUN,0
382,2021,JAWA BARAT,3214,KABUPATEN PURWAKARTA,LAKI-LAKI,25-44 TAHUN,0
383,2021,JAWA BARAT,3214,KABUPATEN PURWAKARTA,LAKI-LAKI,45-59 TAHUN,0
384,2021,JAWA BARAT,3214,KABUPATEN PURWAKARTA,LAKI-LAKI,60+ TAHUN,0
385,2021,JAWA BARAT,3214,KABUPATEN PURWAKARTA,PEREMPUAN,0-5 TAHUN,0
386,2021,JAWA BARAT,3214,KABUPATEN PURWAKARTA,PEREMPUAN,6-12 TAHUN,0
387,2021,JAWA BARAT,3214,KABUPATEN PURWAKARTA,PEREMPUAN,13-17 TAHUN,0
388,2021,JAWA BARAT,3214,KABUPATEN PURWAKARTA,PEREMPUAN,18-24 TAHUN,0
389,2021,JAWA BARAT,3214,KABUPATEN PURWAKARTA,PEREMPUAN,25-44 TAHUN,0
390,2021,JAWA BARAT,3214,KABUPATEN PURWAKARTA,PEREMPUAN,45-59 TAHUN,0
391,2021,JAWA BARAT,3214,KABUPATEN PURWAKARTA,PEREMPUAN,60+ TAHUN,0
392,2018,JAWA BARAT,3215,KABUPATEN KARAWANG,LAKI-LAKI,0-5 TAHUN,1
393,2018,JAWA BARAT,3215,KABUPATEN KARAWANG,LAKI-LAKI,6-12 TAHUN,1
394,2018,JAWA BARAT,3215,KABUPATEN KARAWANG,LAKI-LAKI,13-17 TAHUN,1
395,2018,JAWA BARAT,3215,KABUPATEN KARAWANG,LAKI-LAKI,18-24 TAHUN,0
396,2018,JAWA BARAT,3215,KABUPATEN KARAWANG,LAKI-LAKI,25-44 TAHUN,2
397,2018,JAWA BARAT,3215,KABUPATEN KARAWANG,LAKI-LAKI,45-59 TAHUN,0
398,2018,JAWA BARAT,3215,KABUPATEN KARAWANG,LAKI-LAKI,60+ TAHUN,0
399,2018,JAWA BARAT,3215,KABUPATEN KARAWANG,PEREMPUAN,0-5 TAHUN,0
400,2018,JAWA BARAT,3215,KABUPATEN KARAWANG,PEREMPUAN,6-12 TAHUN,5
401,2018,JAWA BARAT,3215,KABUPATEN KARAWANG,PEREMPUAN,13-17 TAHUN,7
402,2018,JAWA BARAT,3215,KABUPATEN KARAWANG,PEREMPUAN,18-24 TAHUN,1
403,2018,JAWA BARAT,3215,KABUPATEN KARAWANG,PEREMPUAN,25-44 TAHUN,8
404,2018,JAWA BARAT,3215,KABUPATEN KARAWANG,PEREMPUAN,45-59 TAHUN,1
405,2018,JAWA BARAT,3215,KABUPATEN KARAWANG,PEREMPUAN,60+ TAHUN,0
406,2021,JAWA BARAT,3215,KABUPATEN KARAWANG,LAKI-LAKI,0-5 TAHUN,1
407,2021,JAWA BARAT,3215,KABUPATEN KARAWANG,LAKI-LAKI,6-12 TAHUN,0
408,2021,JAWA BARAT,3215,KABUPATEN KARAWANG,LAKI-LAKI,13-17 TAHUN,1
409,2021,JAWA BARAT,3215,KABUPATEN KARAWANG,LAKI-LAKI,18-24 TAHUN,0
410,2021,JAWA BARAT,3215,KABUPATEN KARAWANG,LAKI-LAKI,25-44 TAHUN,1
411,2021,JAWA BARAT,3215,KABUPATEN KARAWANG,LAKI-LAKI,45-59 TAHUN,0
412,2021,JAWA BARAT,3215,KABUPATEN KARAWANG,LAKI-LAKI,60+ TAHUN,0
413,2021,JAWA BARAT,3215,KABUPATEN KARAWANG,PEREMPUAN,0-5 TAHUN,0
414,2021,JAWA BARAT,3215,KABUPATEN KARAWANG,PEREMPUAN,6-12 TAHUN,1
415,2021,JAWA BARAT,3215,KABUPATEN KARAWANG,PEREMPUAN,13-17 TAHUN,0
416,2021,JAWA BARAT,3215,KABUPATEN KARAWANG,PEREMPUAN,18-24 TAHUN,0
417,2021,JAWA BARAT,3215,KABUPATEN KARAWANG,PEREMPUAN,25-44 TAHUN,2
418,2021,JAWA BARAT,3215,KABUPATEN KARAWANG,PEREMPUAN,45-59 TAHUN,0
419,2021,JAWA BARAT,3215,KABUPATEN KARAWANG,PEREMPUAN,60+ TAHUN,0
420,2018,JAWA BARAT,3216,KABUPATEN BEKASI,LAKI-LAKI,0-5 TAHUN,1
421,2018,JAWA BARAT,3216,KABUPATEN BEKASI,LAKI-LAKI,6-12 TAHUN,1
422,2018,JAWA BARAT,3216,KABUPATEN BEKASI,LAKI-LAKI,13-17 TAHUN,0
423,2018,JAWA BARAT,3216,KABUPATEN BEKASI,LAKI-LAKI,18-24 TAHUN,0
424,2018,JAWA BARAT,3216,KABUPATEN BEKASI,LAKI-LAKI,25-44 TAHUN,1
425,2018,JAWA BARAT,3216,KABUPATEN BEKASI,LAKI-LAKI,45-59 TAHUN,0
426,2018,JAWA BARAT,3216,KABUPATEN BEKASI,LAKI-LAKI,60+ TAHUN,0
427,2018,JAWA BARAT,3216,KABUPATEN BEKASI,PEREMPUAN,0-5 TAHUN,0
428,2018,JAWA BARAT,3216,KABUPATEN BEKASI,PEREMPUAN,6-12 TAHUN,0
429,2018,JAWA BARAT,3216,KABUPATEN BEKASI,PEREMPUAN,13-17 TAHUN,1
430,2018,JAWA BARAT,3216,KABUPATEN BEKASI,PEREMPUAN,18-24 TAHUN,0
431,2018,JAWA BARAT,3216,KABUPATEN BEKASI,PEREMPUAN,25-44 TAHUN,1
432,2018,JAWA BARAT,3216,KABUPATEN BEKASI,PEREMPUAN,45-59 TAHUN,0
433,2018,JAWA BARAT,3216,KABUPATEN BEKASI,PEREMPUAN,60+ TAHUN,0
434,2021,JAWA BARAT,3216,KABUPATEN BEKASI,LAKI-LAKI,0-5 TAHUN,0
435,2021,JAWA BARAT,3216,KABUPATEN BEKASI,LAKI-LAKI,6-12 TAHUN,2
436,2021,JAWA BARAT,3216,KABUPATEN BEKASI,LAKI-LAKI,13-17 TAHUN,1
437,2021,JAWA BARAT,3216,KABUPATEN BEKASI,LAKI-LAKI,18-24 TAHUN,0
438,2021,JAWA BARAT,3216,KABUPATEN BEKASI,LAKI-LAKI,25-44 TAHUN,0
439,2021,JAWA BARAT,3216,KABUPATEN BEKASI,LAKI-LAKI,45-59 TAHUN,0
440,2021,JAWA BARAT,3216,KABUPATEN BEKASI,LAKI-LAKI,60+ TAHUN,0
441,2021,JAWA BARAT,3216,KABUPATEN BEKASI,PEREMPUAN,0-5 TAHUN,3
442,2021,JAWA BARAT,3216,KABUPATEN BEKASI,PEREMPUAN,6-12 TAHUN,0
443,2021,JAWA BARAT,3216,KABUPATEN BEKASI,PEREMPUAN,13-17 TAHUN,1
444,2021,JAWA BARAT,3216,KABUPATEN BEKASI,PEREMPUAN,18-24 TAHUN,7
445,2021,JAWA BARAT,3216,KABUPATEN BEKASI,PEREMPUAN,25-44 TAHUN,10
446,2021,JAWA BARAT,3216,KABUPATEN BEKASI,PEREMPUAN,45-59 TAHUN,0
447,2021,JAWA BARAT,3216,KABUPATEN BEKASI,PEREMPUAN,60+ TAHUN,0
448,2018,JAWA BARAT,3217,KABUPATEN BANDUNG BARAT,LAKI-LAKI,0-5 TAHUN,2
449,2018,JAWA BARAT,3217,KABUPATEN BANDUNG BARAT,LAKI-LAKI,6-12 TAHUN,2
450,2018,JAWA BARAT,3217,KABUPATEN BANDUNG BARAT,LAKI-LAKI,13-17 TAHUN,0
451,2018,JAWA BARAT,3217,KABUPATEN BANDUNG BARAT,LAKI-LAKI,18-24 TAHUN,0
452,2018,JAWA BARAT,3217,KABUPATEN BANDUNG BARAT,LAKI-LAKI,25-44 TAHUN,0
453,2018,JAWA BARAT,3217,KABUPATEN BANDUNG BARAT,LAKI-LAKI,45-59 TAHUN,0
454,2018,JAWA BARAT,3217,KABUPATEN BANDUNG BARAT,LAKI-LAKI,60+ TAHUN,0
455,2018,JAWA BARAT,3217,KABUPATEN BANDUNG BARAT,PEREMPUAN,0-5 TAHUN,2
456,2018,JAWA BARAT,3217,KABUPATEN BANDUNG BARAT,PEREMPUAN,6-12 TAHUN,3
457,2018,JAWA BARAT,3217,KABUPATEN BANDUNG BARAT,PEREMPUAN,13-17 TAHUN,2
458,2018,JAWA BARAT,3217,KABUPATEN BANDUNG BARAT,PEREMPUAN,18-24 TAHUN,1
459,2018,JAWA BARAT,3217,KABUPATEN BANDUNG BARAT,PEREMPUAN,25-44 TAHUN,3
460,2018,JAWA BARAT,3217,KABUPATEN BANDUNG BARAT,PEREMPUAN,45-59 TAHUN,0
461,2018,JAWA BARAT,3217,KABUPATEN BANDUNG BARAT,PEREMPUAN,60+ TAHUN,0
462,2021,JAWA BARAT,3217,KABUPATEN BANDUNG BARAT,LAKI-LAKI,0-5 TAHUN,0
463,2021,JAWA BARAT,3217,KABUPATEN BANDUNG BARAT,LAKI-LAKI,6-12 TAHUN,0
464,2021,JAWA BARAT,3217,KABUPATEN BANDUNG BARAT,LAKI-LAKI,13-17 TAHUN,0
465,2021,JAWA BARAT,3217,KABUPATEN BANDUNG BARAT,LAKI-LAKI,18-24 TAHUN,0
466,2021,JAWA BARAT,3217,KABUPATEN BANDUNG BARAT,LAKI-LAKI,25-44 TAHUN,0
467,2021,JAWA BARAT,3217,KABUPATEN BANDUNG BARAT,LAKI-LAKI,45-59 TAHUN,0
468,2021,JAWA BARAT,3217,KABUPATEN BANDUNG BARAT,LAKI-LAKI,60+ TAHUN,0
469,2021,JAWA BARAT,3217,KABUPATEN BANDUNG BARAT,PEREMPUAN,0-5 TAHUN,2
470,2021,JAWA BARAT,3217,KABUPATEN BANDUNG BARAT,PEREMPUAN,6-12 TAHUN,0
471,2021,JAWA BARAT,3217,KABUPATEN BANDUNG BARAT,PEREMPUAN,13-17 TAHUN,2
472,2021,JAWA BARAT,3217,KABUPATEN BANDUNG BARAT,PEREMPUAN,18-24 TAHUN,3
473,2021,JAWA BARAT,3217,KABUPATEN BANDUNG BARAT,PEREMPUAN,25-44 TAHUN,0
474,2021,JAWA BARAT,3217,KABUPATEN BANDUNG BARAT,PEREMPUAN,45-59 TAHUN,0
475,2021,JAWA BARAT,3217,KABUPATEN BANDUNG BARAT,PEREMPUAN,60+ TAHUN,0
476,2018,JAWA BARAT,3218,KABUPATEN PANGANDARAN,LAKI-LAKI,0-5 TAHUN,0
477,2018,JAWA BARAT,3218,KABUPATEN PANGANDARAN,LAKI-LAKI,6-12 TAHUN,0
478,2018,JAWA BARAT,3218,KABUPATEN PANGANDARAN,LAKI-LAKI,13-17 TAHUN,0
479,2018,JAWA BARAT,3218,KABUPATEN PANGANDARAN,LAKI-LAKI,18-24 TAHUN,0
480,2018,JAWA BARAT,3218,KABUPATEN PANGANDARAN,LAKI-LAKI,25-44 TAHUN,0
481,2018,JAWA BARAT,3218,KABUPATEN PANGANDARAN,LAKI-LAKI,45-59 TAHUN,0
482,2018,JAWA BARAT,3218,KABUPATEN PANGANDARAN,LAKI-LAKI,60+ TAHUN,0
483,2018,JAWA BARAT,3218,KABUPATEN PANGANDARAN,PEREMPUAN,0-5 TAHUN,0
484,2018,JAWA BARAT,3218,KABUPATEN PANGANDARAN,PEREMPUAN,6-12 TAHUN,2
485,2018,JAWA BARAT,3218,KABUPATEN PANGANDARAN,PEREMPUAN,13-17 TAHUN,0
486,2018,JAWA BARAT,3218,KABUPATEN PANGANDARAN,PEREMPUAN,18-24 TAHUN,0
487,2018,JAWA BARAT,3218,KABUPATEN PANGANDARAN,PEREMPUAN,25-44 TAHUN,1
488,2018,JAWA BARAT,3218,KABUPATEN PANGANDARAN,PEREMPUAN,45-59 TAHUN,0
489,2018,JAWA BARAT,3218,KABUPATEN PANGANDARAN,PEREMPUAN,60+ TAHUN,0
490,2021,JAWA BARAT,3218,KABUPATEN PANGANDARAN,LAKI-LAKI,0-5 TAHUN,0
491,2021,JAWA BARAT,3218,KABUPATEN PANGANDARAN,LAKI-LAKI,6-12 TAHUN,0
492,2021,JAWA BARAT,3218,KABUPATEN PANGANDARAN,LAKI-LAKI,13-17 TAHUN,0
493,2021,JAWA BARAT,3218,KABUPATEN PANGANDARAN,LAKI-LAKI,18-24 TAHUN,0
494,2021,JAWA BARAT,3218,KABUPATEN PANGANDARAN,LAKI-LAKI,25-44 TAHUN,0
495,2021,JAWA BARAT,3218,KABUPATEN PANGANDARAN,LAKI-LAKI,45-59 TAHUN,0
496,2021,JAWA BARAT,3218,KABUPATEN PANGANDARAN,LAKI-LAKI,60+ TAHUN,0
497,2021,JAWA BARAT,3218,KABUPATEN PANGANDARAN,PEREMPUAN,0-5 TAHUN,0
498,2021,JAWA BARAT,3218,KABUPATEN PANGANDARAN,PEREMPUAN,6-12 TAHUN,1
499,2021,JAWA BARAT,3218,KABUPATEN PANGANDARAN,PEREMPUAN,13-17 TAHUN,2
500,2021,JAWA BARAT,3218,KABUPATEN PANGANDARAN,PEREMPUAN,18-24 TAHUN,0
501,2021,JAWA BARAT,3218,KABUPATEN PANGANDARAN,PEREMPUAN,25-44 TAHUN,0
502,2021,JAWA BARAT,3218,KABUPATEN PANGANDARAN,PEREMPUAN,45-59 TAHUN,0
503,2021,JAWA BARAT,3218,KABUPATEN PANGANDARAN,PEREMPUAN,60+ TAHUN,0
504,2018,JAWA BARAT,3271,KOTA BOGOR,LAKI-LAKI,0-5 TAHUN,0
505,2018,JAWA BARAT,3271,KOTA BOGOR,LAKI-LAKI,6-12 TAHUN,2
506,2018,JAWA BARAT,3271,KOTA BOGOR,LAKI-LAKI,13-17 TAHUN,0
507,2018,JAWA BARAT,3271,KOTA BOGOR,LAKI-LAKI,18-24 TAHUN,0
508,2018,JAWA BARAT,3271,KOTA BOGOR,LAKI-LAKI,25-44 TAHUN,0
509,2018,JAWA BARAT,3271,KOTA BOGOR,LAKI-LAKI,45-59 TAHUN,0
510,2018,JAWA BARAT,3271,KOTA BOGOR,LAKI-LAKI,60+ TAHUN,0
511,2018,JAWA BARAT,3271,KOTA BOGOR,PEREMPUAN,0-5 TAHUN,0
512,2018,JAWA BARAT,3271,KOTA BOGOR,PEREMPUAN,6-12 TAHUN,5
513,2018,JAWA BARAT,3271,KOTA BOGOR,PEREMPUAN,13-17 TAHUN,4
514,2018,JAWA BARAT,3271,KOTA BOGOR,PEREMPUAN,18-24 TAHUN,1
515,2018,JAWA BARAT,3271,KOTA BOGOR,PEREMPUAN,25-44 TAHUN,1
516,2018,JAWA BARAT,3271,KOTA BOGOR,PEREMPUAN,45-59 TAHUN,0
517,2018,JAWA BARAT,3271,KOTA BOGOR,PEREMPUAN,60+ TAHUN,0
518,2021,JAWA BARAT,3271,KOTA BOGOR,LAKI-LAKI,0-5 TAHUN,0
519,2021,JAWA BARAT,3271,KOTA BOGOR,LAKI-LAKI,6-12 TAHUN,2
520,2021,JAWA BARAT,3271,KOTA BOGOR,LAKI-LAKI,13-17 TAHUN,1
521,2021,JAWA BARAT,3271,KOTA BOGOR,LAKI-LAKI,18-24 TAHUN,0
522,2021,JAWA BARAT,3271,KOTA BOGOR,LAKI-LAKI,25-44 TAHUN,0
523,2021,JAWA BARAT,3271,KOTA BOGOR,LAKI-LAKI,45-59 TAHUN,0
524,2021,JAWA BARAT,3271,KOTA BOGOR,LAKI-LAKI,60+ TAHUN,0
525,2021,JAWA BARAT,3271,KOTA BOGOR,PEREMPUAN,0-5 TAHUN,1
526,2021,JAWA BARAT,3271,KOTA BOGOR,PEREMPUAN,6-12 TAHUN,0
527,2021,JAWA BARAT,3271,KOTA BOGOR,PEREMPUAN,13-17 TAHUN,6
528,2021,JAWA BARAT,3271,KOTA BOGOR,PEREMPUAN,18-24 TAHUN,3
529,2021,JAWA BARAT,3271,KOTA BOGOR,PEREMPUAN,25-44 TAHUN,11
530,2021,JAWA BARAT,3271,KOTA BOGOR,PEREMPUAN,45-59 TAHUN,4
531,2021,JAWA BARAT,3271,KOTA BOGOR,PEREMPUAN,60+ TAHUN,0
532,2018,JAWA BARAT,3272,KOTA SUKABUMI,LAKI-LAKI,0-5 TAHUN,1
533,2018,JAWA BARAT,3272,KOTA SUKABUMI,LAKI-LAKI,6-12 TAHUN,9
534,2018,JAWA BARAT,3272,KOTA SUKABUMI,LAKI-LAKI,13-17 TAHUN,2
535,2018,JAWA BARAT,3272,KOTA SUKABUMI,LAKI-LAKI,18-24 TAHUN,0
536,2018,JAWA BARAT,3272,KOTA SUKABUMI,LAKI-LAKI,25-44 TAHUN,0
537,2018,JAWA BARAT,3272,KOTA SUKABUMI,LAKI-LAKI,45-59 TAHUN,0
538,2018,JAWA BARAT,3272,KOTA SUKABUMI,LAKI-LAKI,60+ TAHUN,0
539,2018,JAWA BARAT,3272,KOTA SUKABUMI,PEREMPUAN,0-5 TAHUN,0
540,2018,JAWA BARAT,3272,KOTA SUKABUMI,PEREMPUAN,6-12 TAHUN,3
541,2018,JAWA BARAT,3272,KOTA SUKABUMI,PEREMPUAN,13-17 TAHUN,7
542,2018,JAWA BARAT,3272,KOTA SUKABUMI,PEREMPUAN,18-24 TAHUN,1
543,2018,JAWA BARAT,3272,KOTA SUKABUMI,PEREMPUAN,25-44 TAHUN,6
544,2018,JAWA BARAT,3272,KOTA SUKABUMI,PEREMPUAN,45-59 TAHUN,0
545,2018,JAWA BARAT,3272,KOTA SUKABUMI,PEREMPUAN,60+ TAHUN,0
546,2021,JAWA BARAT,3272,KOTA SUKABUMI,LAKI-LAKI,0-5 TAHUN,0
547,2021,JAWA BARAT,3272,KOTA SUKABUMI,LAKI-LAKI,6-12 TAHUN,0
548,2021,JAWA BARAT,3272,KOTA SUKABUMI,LAKI-LAKI,13-17 TAHUN,0
549,2021,JAWA BARAT,3272,KOTA SUKABUMI,LAKI-LAKI,18-24 TAHUN,0
550,2021,JAWA BARAT,3272,KOTA SUKABUMI,LAKI-LAKI,25-44 TAHUN,0
551,2021,JAWA BARAT,3272,KOTA SUKABUMI,LAKI-LAKI,45-59 TAHUN,0
552,2021,JAWA BARAT,3272,KOTA SUKABUMI,LAKI-LAKI,60+ TAHUN,0
553,2021,JAWA BARAT,3272,KOTA SUKABUMI,PEREMPUAN,0-5 TAHUN,1
554,2021,JAWA BARAT,3272,KOTA SUKABUMI,PEREMPUAN,6-12 TAHUN,0
555,2021,JAWA BARAT,3272,KOTA SUKABUMI,PEREMPUAN,13-17 TAHUN,3
556,2021,JAWA BARAT,3272,KOTA SUKABUMI,PEREMPUAN,18-24 TAHUN,0
557,2021,JAWA BARAT,3272,KOTA SUKABUMI,PEREMPUAN,25-44 TAHUN,4
558,2021,JAWA BARAT,3272,KOTA SUKABUMI,PEREMPUAN,45-59 TAHUN,0
559,2021,JAWA BARAT,3272,KOTA SUKABUMI,PEREMPUAN,60+ TAHUN,0
560,2018,JAWA BARAT,3273,KOTA BANDUNG,LAKI-LAKI,0-5 TAHUN,2
561,2018,JAWA BARAT,3273,KOTA BANDUNG,LAKI-LAKI,6-12 TAHUN,5
562,2018,JAWA BARAT,3273,KOTA BANDUNG,LAKI-LAKI,13-17 TAHUN,1
563,2018,JAWA BARAT,3273,KOTA BANDUNG,LAKI-LAKI,18-24 TAHUN,0
564,2018,JAWA BARAT,3273,KOTA BANDUNG,LAKI-LAKI,25-44 TAHUN,2
565,2018,JAWA BARAT,3273,KOTA BANDUNG,LAKI-LAKI,45-59 TAHUN,0
566,2018,JAWA BARAT,3273,KOTA BANDUNG,LAKI-LAKI,60+ TAHUN,0
567,2018,JAWA BARAT,3273,KOTA BANDUNG,PEREMPUAN,0-5 TAHUN,1
568,2018,JAWA BARAT,3273,KOTA BANDUNG,PEREMPUAN,6-12 TAHUN,5
569,2018,JAWA BARAT,3273,KOTA BANDUNG,PEREMPUAN,13-17 TAHUN,9
570,2018,JAWA BARAT,3273,KOTA BANDUNG,PEREMPUAN,18-24 TAHUN,5
571,2018,JAWA BARAT,3273,KOTA BANDUNG,PEREMPUAN,25-44 TAHUN,10
572,2018,JAWA BARAT,3273,KOTA BANDUNG,PEREMPUAN,45-59 TAHUN,4
573,2018,JAWA BARAT,3273,KOTA BANDUNG,PEREMPUAN,60+ TAHUN,1
574,2021,JAWA BARAT,3273,KOTA BANDUNG,LAKI-LAKI,0-5 TAHUN,1
575,2021,JAWA BARAT,3273,KOTA BANDUNG,LAKI-LAKI,6-12 TAHUN,0
576,2021,JAWA BARAT,3273,KOTA BANDUNG,LAKI-LAKI,13-17 TAHUN,2
577,2021,JAWA BARAT,3273,KOTA BANDUNG,LAKI-LAKI,18-24 TAHUN,0
578,2021,JAWA BARAT,3273,KOTA BANDUNG,LAKI-LAKI,25-44 TAHUN,1
579,2021,JAWA BARAT,3273,KOTA BANDUNG,LAKI-LAKI,45-59 TAHUN,1
580,2021,JAWA BARAT,3273,KOTA BANDUNG,LAKI-LAKI,60+ TAHUN,0
581,2021,JAWA BARAT,3273,KOTA BANDUNG,PEREMPUAN,0-5 TAHUN,3
582,2021,JAWA BARAT,3273,KOTA BANDUNG,PEREMPUAN,6-12 TAHUN,7
583,2021,JAWA BARAT,3273,KOTA BANDUNG,PEREMPUAN,13-17 TAHUN,14
584,2021,JAWA BARAT,3273,KOTA BANDUNG,PEREMPUAN,18-24 TAHUN,10
585,2021,JAWA BARAT,3273,KOTA BANDUNG,PEREMPUAN,25-44 TAHUN,21
586,2021,JAWA BARAT,3273,KOTA BANDUNG,PEREMPUAN,45-59 TAHUN,4
587,2021,JAWA BARAT,3273,KOTA BANDUNG,PEREMPUAN,60+ TAHUN,0
588,2018,JAWA BARAT,3274,KOTA CIREBON,LAKI-LAKI,0-5 TAHUN,0
589,2018,JAWA BARAT,3274,KOTA CIREBON,LAKI-LAKI,6-12 TAHUN,7
590,2018,JAWA BARAT,3274,KOTA CIREBON,LAKI-LAKI,13-17 TAHUN,1
591,2018,JAWA BARAT,3274,KOTA CIREBON,LAKI-LAKI,18-24 TAHUN,0
592,2018,JAWA BARAT,3274,KOTA CIREBON,LAKI-LAKI,25-44 TAHUN,0
593,2018,JAWA BARAT,3274,KOTA CIREBON,LAKI-LAKI,45-59 TAHUN,0
594,2018,JAWA BARAT,3274,KOTA CIREBON,LAKI-LAKI,60+ TAHUN,0
595,2018,JAWA BARAT,3274,KOTA CIREBON,PEREMPUAN,0-5 TAHUN,0
596,2018,JAWA BARAT,3274,KOTA CIREBON,PEREMPUAN,6-12 TAHUN,0
597,2018,JAWA BARAT,3274,KOTA CIREBON,PEREMPUAN,13-17 TAHUN,0
598,2018,JAWA BARAT,3274,KOTA CIREBON,PEREMPUAN,18-24 TAHUN,0
599,2018,JAWA BARAT,3274,KOTA CIREBON,PEREMPUAN,25-44 TAHUN,0
600,2018,JAWA BARAT,3274,KOTA CIREBON,PEREMPUAN,45-59 TAHUN,0
601,2018,JAWA BARAT,3274,KOTA CIREBON,PEREMPUAN,60+ TAHUN,0
602,2021,JAWA BARAT,3274,KOTA CIREBON,LAKI-LAKI,0-5 TAHUN,0
603,2021,JAWA BARAT,3274,KOTA CIREBON,LAKI-LAKI,6-12 TAHUN,1
604,2021,JAWA BARAT,3274,KOTA CIREBON,LAKI-LAKI,13-17 TAHUN,0
605,2021,JAWA BARAT,3274,KOTA CIREBON,LAKI-LAKI,18-24 TAHUN,0
606,2021,JAWA BARAT,3274,KOTA CIREBON,LAKI-LAKI,25-44 TAHUN,0
607,2021,JAWA BARAT,3274,KOTA CIREBON,LAKI-LAKI,45-59 TAHUN,0
608,2021,JAWA BARAT,3274,KOTA CIREBON,LAKI-LAKI,60+ TAHUN,0
609,2021,JAWA BARAT,3274,KOTA CIREBON,PEREMPUAN,0-5 TAHUN,0
610,2021,JAWA BARAT,3274,KOTA CIREBON,PEREMPUAN,6-12 TAHUN,0
611,2021,JAWA BARAT,3274,KOTA CIREBON,PEREMPUAN,13-17 TAHUN,0
612,2021,JAWA BARAT,3274,KOTA CIREBON,PEREMPUAN,18-24 TAHUN,0
613,2021,JAWA BARAT,3274,KOTA CIREBON,PEREMPUAN,25-44 TAHUN,0
614,2021,JAWA BARAT,3274,KOTA CIREBON,PEREMPUAN,45-59 TAHUN,0
615,2021,JAWA BARAT,3274,KOTA CIREBON,PEREMPUAN,60+ TAHUN,0
616,2018,JAWA BARAT,3275,KOTA BEKASI,LAKI-LAKI,0-5 TAHUN,0
617,2018,JAWA BARAT,3275,KOTA BEKASI,LAKI-LAKI,6-12 TAHUN,1
618,2018,JAWA BARAT,3275,KOTA BEKASI,LAKI-LAKI,13-17 TAHUN,0
619,2018,JAWA BARAT,3275,KOTA BEKASI,LAKI-LAKI,18-24 TAHUN,0
620,2018,JAWA BARAT,3275,KOTA BEKASI,LAKI-LAKI,25-44 TAHUN,0
621,2018,JAWA BARAT,3275,KOTA BEKASI,LAKI-LAKI,45-59 TAHUN,0
622,2018,JAWA BARAT,3275,KOTA BEKASI,LAKI-LAKI,60+ TAHUN,0
623,2018,JAWA BARAT,3275,KOTA BEKASI,PEREMPUAN,0-5 TAHUN,0
624,2018,JAWA BARAT,3275,KOTA BEKASI,PEREMPUAN,6-12 TAHUN,0
625,2018,JAWA BARAT,3275,KOTA BEKASI,PEREMPUAN,13-17 TAHUN,1
626,2018,JAWA BARAT,3275,KOTA BEKASI,PEREMPUAN,18-24 TAHUN,0
627,2018,JAWA BARAT,3275,KOTA BEKASI,PEREMPUAN,25-44 TAHUN,1
628,2018,JAWA BARAT,3275,KOTA BEKASI,PEREMPUAN,45-59 TAHUN,0
629,2018,JAWA BARAT,3275,KOTA BEKASI,PEREMPUAN,60+ TAHUN,0
630,2021,JAWA BARAT,3275,KOTA BEKASI,LAKI-LAKI,0-5 TAHUN,0
631,2021,JAWA BARAT,3275,KOTA BEKASI,LAKI-LAKI,6-12 TAHUN,0
632,2021,JAWA BARAT,3275,KOTA BEKASI,LAKI-LAKI,13-17 TAHUN,0
633,2021,JAWA BARAT,3275,KOTA BEKASI,LAKI-LAKI,18-24 TAHUN,0
634,2021,JAWA BARAT,3275,KOTA BEKASI,LAKI-LAKI,25-44 TAHUN,0
635,2021,JAWA BARAT,3275,KOTA BEKASI,LAKI-LAKI,45-59 TAHUN,0
636,2021,JAWA BARAT,3275,KOTA BEKASI,LAKI-LAKI,60+ TAHUN,0
637,2021,JAWA BARAT,3275,KOTA BEKASI,PEREMPUAN,0-5 TAHUN,0
638,2021,JAWA BARAT,3275,KOTA BEKASI,PEREMPUAN,6-12 TAHUN,2
639,2021,JAWA BARAT,3275,KOTA BEKASI,PEREMPUAN,13-17 TAHUN,0
640,2021,JAWA BARAT,3275,KOTA BEKASI,PEREMPUAN,18-24 TAHUN,0
641,2021,JAWA BARAT,3275,KOTA BEKASI,PEREMPUAN,25-44 TAHUN,0
642,2021,JAWA BARAT,3275,KOTA BEKASI,PEREMPUAN,45-59 TAHUN,0
643,2021,JAWA BARAT,3275,KOTA BEKASI,PEREMPUAN,60+ TAHUN,0
644,2018,JAWA BARAT,3276,KOTA DEPOK,LAKI-LAKI,0-5 TAHUN,0
645,2018,JAWA BARAT,3276,KOTA DEPOK,LAKI-LAKI,6-12 TAHUN,1
646,2018,JAWA BARAT,3276,KOTA DEPOK,LAKI-LAKI,13-17 TAHUN,2
647,2018,JAWA BARAT,3276,KOTA DEPOK,LAKI-LAKI,18-24 TAHUN,0
648,2018,JAWA BARAT,3276,KOTA DEPOK,LAKI-LAKI,25-44 TAHUN,0
649,2018,JAWA BARAT,3276,KOTA DEPOK,LAKI-LAKI,45-59 TAHUN,0
650,2018,JAWA BARAT,3276,KOTA DEPOK,LAKI-LAKI,60+ TAHUN,0
651,2018,JAWA BARAT,3276,KOTA DEPOK,PEREMPUAN,0-5 TAHUN,0
652,2018,JAWA BARAT,3276,KOTA DEPOK,PEREMPUAN,6-12 TAHUN,0
653,2018,JAWA BARAT,3276,KOTA DEPOK,PEREMPUAN,13-17 TAHUN,3
654,2018,JAWA BARAT,3276,KOTA DEPOK,PEREMPUAN,18-24 TAHUN,0
655,2018,JAWA BARAT,3276,KOTA DEPOK,PEREMPUAN,25-44 TAHUN,2
656,2018,JAWA BARAT,3276,KOTA DEPOK,PEREMPUAN,45-59 TAHUN,1
657,2018,JAWA BARAT,3276,KOTA DEPOK,PEREMPUAN,60+ TAHUN,0
658,2021,JAWA BARAT,3276,KOTA DEPOK,LAKI-LAKI,0-5 TAHUN,1
659,2021,JAWA BARAT,3276,KOTA DEPOK,LAKI-LAKI,6-12 TAHUN,5
660,2021,JAWA BARAT,3276,KOTA DEPOK,LAKI-LAKI,13-17 TAHUN,1
661,2021,JAWA BARAT,3276,KOTA DEPOK,LAKI-LAKI,18-24 TAHUN,0
662,2021,JAWA BARAT,3276,KOTA DEPOK,LAKI-LAKI,25-44 TAHUN,0
663,2021,JAWA BARAT,3276,KOTA DEPOK,LAKI-LAKI,45-59 TAHUN,0
664,2021,JAWA BARAT,3276,KOTA DEPOK,LAKI-LAKI,60+ TAHUN,0
665,2021,JAWA BARAT,3276,KOTA DEPOK,PEREMPUAN,0-5 TAHUN,3
666,2021,JAWA BARAT,3276,KOTA DEPOK,PEREMPUAN,6-12 TAHUN,12
667,2021,JAWA BARAT,3276,KOTA DEPOK,PEREMPUAN,13-17 TAHUN,13
668,2021,JAWA BARAT,3276,KOTA DEPOK,PEREMPUAN,18-24 TAHUN,8
669,2021,JAWA BARAT,3276,KOTA DEPOK,PEREMPUAN,25-44 TAHUN,33
670,2021,JAWA BARAT,3276,KOTA DEPOK,PEREMPUAN,45-59 TAHUN,8
671,2021,JAWA BARAT,3276,KOTA DEPOK,PEREMPUAN,60+ TAHUN,0
672,2018,JAWA BARAT,3277,KOTA CIMAHI,LAKI-LAKI,0-5 TAHUN,0
673,2018,JAWA BARAT,3277,KOTA CIMAHI,LAKI-LAKI,6-12 TAHUN,2
674,2018,JAWA BARAT,3277,KOTA CIMAHI,LAKI-LAKI,13-17 TAHUN,2
675,2018,JAWA BARAT,3277,KOTA CIMAHI,LAKI-LAKI,18-24 TAHUN,0
676,2018,JAWA BARAT,3277,KOTA CIMAHI,LAKI-LAKI,25-44 TAHUN,0
677,2018,JAWA BARAT,3277,KOTA CIMAHI,LAKI-LAKI,45-59 TAHUN,0
678,2018,JAWA BARAT,3277,KOTA CIMAHI,LAKI-LAKI,60+ TAHUN,0
679,2018,JAWA BARAT,3277,KOTA CIMAHI,PEREMPUAN,0-5 TAHUN,0
680,2018,JAWA BARAT,3277,KOTA CIMAHI,PEREMPUAN,6-12 TAHUN,5
681,2018,JAWA BARAT,3277,KOTA CIMAHI,PEREMPUAN,13-17 TAHUN,2
682,2018,JAWA BARAT,3277,KOTA CIMAHI,PEREMPUAN,18-24 TAHUN,1
683,2018,JAWA BARAT,3277,KOTA CIMAHI,PEREMPUAN,25-44 TAHUN,4
684,2018,JAWA BARAT,3277,KOTA CIMAHI,PEREMPUAN,45-59 TAHUN,0
685,2018,JAWA BARAT,3277,KOTA CIMAHI,PEREMPUAN,60+ TAHUN,0
686,2021,JAWA BARAT,3277,KOTA CIMAHI,LAKI-LAKI,0-5 TAHUN,0
687,2021,JAWA BARAT,3277,KOTA CIMAHI,LAKI-LAKI,6-12 TAHUN,0
688,2021,JAWA BARAT,3277,KOTA CIMAHI,LAKI-LAKI,13-17 TAHUN,0
689,2021,JAWA BARAT,3277,KOTA CIMAHI,LAKI-LAKI,18-24 TAHUN,0
690,2021,JAWA BARAT,3277,KOTA CIMAHI,LAKI-LAKI,25-44 TAHUN,0
691,2021,JAWA BARAT,3277,KOTA CIMAHI,LAKI-LAKI,45-59 TAHUN,0
692,2021,JAWA BARAT,3277,KOTA CIMAHI,LAKI-LAKI,60+ TAHUN,0
693,2021,JAWA BARAT,3277,KOTA CIMAHI,PEREMPUAN,0-5 TAHUN,0
694,2021,JAWA BARAT,3277,KOTA CIMAHI,PEREMPUAN,6-12 TAHUN,1
695,2021,JAWA BARAT,3277,KOTA CIMAHI,PEREMPUAN,13-17 TAHUN,0
696,2021,JAWA BARAT,3277,KOTA CIMAHI,PEREMPUAN,18-24 TAHUN,0
697,2021,JAWA BARAT,3277,KOTA CIMAHI,PEREMPUAN,25-44 TAHUN,1
698,2021,JAWA BARAT,3277,KOTA CIMAHI,PEREMPUAN,45-59 TAHUN,0
699,2021,JAWA BARAT,3277,KOTA CIMAHI,PEREMPUAN,60+ TAHUN,0
700,2018,JAWA BARAT,3278,KOTA TASIKMALAYA,LAKI-LAKI,0-5 TAHUN,0
701,2018,JAWA BARAT,3278,KOTA TASIKMALAYA,LAKI-LAKI,6-12 TAHUN,0
702,2018,JAWA BARAT,3278,KOTA TASIKMALAYA,LAKI-LAKI,13-17 TAHUN,1
703,2018,JAWA BARAT,3278,KOTA TASIKMALAYA,LAKI-LAKI,18-24 TAHUN,0
704,2018,JAWA BARAT,3278,KOTA TASIKMALAYA,LAKI-LAKI,25-44 TAHUN,1
705,2018,JAWA BARAT,3278,KOTA TASIKMALAYA,LAKI-LAKI,45-59 TAHUN,0
706,2018,JAWA BARAT,3278,KOTA TASIKMALAYA,LAKI-LAKI,60+ TAHUN,0
707,2018,JAWA BARAT,3278,KOTA TASIKMALAYA,PEREMPUAN,0-5 TAHUN,0
708,2018,JAWA BARAT,3278,KOTA TASIKMALAYA,PEREMPUAN,6-12 TAHUN,3
709,2018,JAWA BARAT,3278,KOTA TASIKMALAYA,PEREMPUAN,13-17 TAHUN,2
710,2018,JAWA BARAT,3278,KOTA TASIKMALAYA,PEREMPUAN,18-24 TAHUN,1
711,2018,JAWA BARAT,3278,KOTA TASIKMALAYA,PEREMPUAN,25-44 TAHUN,1
712,2018,JAWA BARAT,3278,KOTA TASIKMALAYA,PEREMPUAN,45-59 TAHUN,1
713,2018,JAWA BARAT,3278,KOTA TASIKMALAYA,PEREMPUAN,60+ TAHUN,0
714,2021,JAWA BARAT,3278,KOTA TASIKMALAYA,LAKI-LAKI,0-5 TAHUN,0
715,2021,JAWA BARAT,3278,KOTA TASIKMALAYA,LAKI-LAKI,6-12 TAHUN,0
716,2021,JAWA BARAT,3278,KOTA TASIKMALAYA,LAKI-LAKI,13-17 TAHUN,0
717,2021,JAWA BARAT,3278,KOTA TASIKMALAYA,LAKI-LAKI,18-24 TAHUN,0
718,2021,JAWA BARAT,3278,KOTA TASIKMALAYA,LAKI-LAKI,25-44 TAHUN,0
719,2021,JAWA BARAT,3278,KOTA TASIKMALAYA,LAKI-LAKI,45-59 TAHUN,0
720,2021,JAWA BARAT,3278,KOTA TASIKMALAYA,LAKI-LAKI,60+ TAHUN,0
721,2021,JAWA BARAT,3278,KOTA TASIKMALAYA,PEREMPUAN,0-5 TAHUN,0
722,2021,JAWA BARAT,3278,KOTA TASIKMALAYA,PEREMPUAN,6-12 TAHUN,1
723,2021,JAWA BARAT,3278,KOTA TASIKMALAYA,PEREMPUAN,13-17 TAHUN,0
724,2021,JAWA BARAT,3278,KOTA TASIKMALAYA,PEREMPUAN,18-24 TAHUN,0
725,2021,JAWA BARAT,3278,KOTA TASIKMALAYA,PEREMPUAN,25-44 TAHUN,0
726,2021,JAWA BARAT,3278,KOTA TASIKMALAYA,PEREMPUAN,45-59 TAHUN,0
727,2021,JAWA BARAT,3278,KOTA TASIKMALAYA,PEREMPUAN,60+ TAHUN,0
728,2018,JAWA BARAT,3279,KOTA BANJAR,LAKI-LAKI,0-5 TAHUN,0
729,2018,JAWA BARAT,3279,KOTA BANJAR,LAKI-LAKI,6-12 TAHUN,1
730,2018,JAWA BARAT,3279,KOTA BANJAR,LAKI-LAKI,13-17 TAHUN,5
731,2018,JAWA BARAT,3279,KOTA BANJAR,LAKI-LAKI,18-24 TAHUN,0
732,2018,JAWA BARAT,3279,KOTA BANJAR,LAKI-LAKI,25-44 TAHUN,0
733,2018,JAWA BARAT,3279,KOTA BANJAR,LAKI-LAKI,45-59 TAHUN,0
734,2018,JAWA BARAT,3279,KOTA BANJAR,LAKI-LAKI,60+ TAHUN,0
735,2018,JAWA BARAT,3279,KOTA BANJAR,PEREMPUAN,0-5 TAHUN,1
736,2018,JAWA BARAT,3279,KOTA BANJAR,PEREMPUAN,6-12 TAHUN,1
737,2018,JAWA BARAT,3279,KOTA BANJAR,PEREMPUAN,13-17 TAHUN,5
738,2018,JAWA BARAT,3279,KOTA BANJAR,PEREMPUAN,18-24 TAHUN,1
739,2018,JAWA BARAT,3279,KOTA BANJAR,PEREMPUAN,25-44 TAHUN,1
740,2018,JAWA BARAT,3279,KOTA BANJAR,PEREMPUAN,45-59 TAHUN,0
741,2018,JAWA BARAT,3279,KOTA BANJAR,PEREMPUAN,60+ TAHUN,0
742,2021,JAWA BARAT,3279,KOTA BANJAR,LAKI-LAKI,0-5 TAHUN,0
743,2021,JAWA BARAT,3279,KOTA BANJAR,LAKI-LAKI,6-12 TAHUN,0
744,2021,JAWA BARAT,3279,KOTA BANJAR,LAKI-LAKI,13-17 TAHUN,0
745,2021,JAWA BARAT,3279,KOTA BANJAR,LAKI-LAKI,18-24 TAHUN,0
746,2021,JAWA BARAT,3279,KOTA BANJAR,LAKI-LAKI,25-44 TAHUN,0
747,2021,JAWA BARAT,3279,KOTA BANJAR,LAKI-LAKI,45-59 TAHUN,0
748,2021,JAWA BARAT,3279,KOTA BANJAR,LAKI-LAKI,60+ TAHUN,0
749,2021,JAWA BARAT,3279,KOTA BANJAR,PEREMPUAN,0-5 TAHUN,0
750,2021,JAWA BARAT,3279,KOTA BANJAR,PEREMPUAN,6-12 TAHUN,1
751,2021,JAWA BARAT,3279,KOTA BANJAR,PEREMPUAN,13-17 TAHUN,0
752,2021,JAWA BARAT,3279,KOTA BANJAR,PEREMPUAN,18-24 TAHUN,0
753,2021,JAWA BARAT,3279,KOTA BANJAR,PEREMPUAN,25-44 TAHUN,0
754,2021,JAWA BARAT,3279,KOTA BANJAR,PEREMPUAN,45-59 TAHUN,0
755,2021,JAWA BARAT,3279,KOTA BANJAR,PEREMPUAN,60+ TAHUN,0
